lad19cd,date,cases
E06000006,2020-06-16,0.0
E06000007,2020-06-16,4.0
E06000008,2020-06-16,2.0
E06000009,2020-06-16,3.0
E06000049,2020-06-16,19.0
E06000050,2020-06-16,8.0
E07000027,2020-06-16,1.0
E07000029,2020-06-16,0.0
E07000031,2020-06-16,1.0
E07000037,2020-06-16,1.0
E07000117,2020-06-16,5.0
E07000118,2020-06-16,3.0
E07000119,2020-06-16,2.0
E07000120,2020-06-16,1.0
E07000121,2020-06-16,0.0
E07000122,2020-06-16,6.0
E07000123,2020-06-16,8.0
E07000124,2020-06-16,0.0
E07000125,2020-06-16,1.0
E07000126,2020-06-16,1.0
E07000127,2020-06-16,1.0
E07000128,2020-06-16,0.0
E07000163,2020-06-16,2.0
E07000165,2020-06-16,9.0
E07000166,2020-06-16,0.0
E08000001,2020-06-16,4.0
E08000002,2020-06-16,11.0
E08000003,2020-06-16,24.0
E08000004,2020-06-16,36.0
E08000005,2020-06-16,14.0
E08000006,2020-06-16,3.0
E08000007,2020-06-16,0.0
E08000008,2020-06-16,11.0
E08000009,2020-06-16,1.0
E08000010,2020-06-16,6.0
E08000011,2020-06-16,1.0
E08000012,2020-06-16,3.0
E08000013,2020-06-16,1.0
E08000014,2020-06-16,3.0
E08000015,2020-06-16,4.0
E08000032,2020-06-16,56.0
E08000033,2020-06-16,7.0
E08000034,2020-06-16,17.0
E06000006,2020-06-17,0.0
E06000007,2020-06-17,2.0
E06000008,2020-06-17,4.0
E06000009,2020-06-17,2.0
E06000049,2020-06-17,9.0
E06000050,2020-06-17,5.0
E07000027,2020-06-17,1.0
E07000029,2020-06-17,0.0
E07000031,2020-06-17,1.0
E07000037,2020-06-17,0.0
E07000117,2020-06-17,1.0
E07000118,2020-06-17,0.0
E07000119,2020-06-17,3.0
E07000120,2020-06-17,2.0
E07000121,2020-06-17,1.0
E07000122,2020-06-17,1.0
E07000123,2020-06-17,5.0
E07000124,2020-06-17,0.0
E07000125,2020-06-17,1.0
E07000126,2020-06-17,4.0
E07000127,2020-06-17,1.0
E07000128,2020-06-17,3.0
E07000163,2020-06-17,3.0
E07000165,2020-06-17,7.0
E07000166,2020-06-17,0.0
E08000001,2020-06-17,5.0
E08000002,2020-06-17,5.0
E08000003,2020-06-17,21.0
E08000004,2020-06-17,9.0
E08000005,2020-06-17,9.0
E08000006,2020-06-17,5.0
E08000007,2020-06-17,0.0
E08000008,2020-06-17,6.0
E08000009,2020-06-17,4.0
E08000010,2020-06-17,1.0
E08000011,2020-06-17,1.0
E08000012,2020-06-17,7.0
E08000013,2020-06-17,0.0
E08000014,2020-06-17,8.0
E08000015,2020-06-17,13.0
E08000032,2020-06-17,43.0
E08000033,2020-06-17,1.0
E08000034,2020-06-17,17.0
E06000006,2020-06-18,4.0
E06000007,2020-06-18,6.0
E06000008,2020-06-18,12.0
E06000009,2020-06-18,3.0
E06000049,2020-06-18,6.0
E06000050,2020-06-18,11.0
E07000027,2020-06-18,0.0
E07000029,2020-06-18,1.0
E07000031,2020-06-18,1.0
E07000037,2020-06-18,4.0
E07000117,2020-06-18,5.0
E07000118,2020-06-18,6.0
E07000119,2020-06-18,0.0
E07000120,2020-06-18,2.0
E07000121,2020-06-18,3.0
E07000122,2020-06-18,10.0
E07000123,2020-06-18,5.0
E07000124,2020-06-18,0.0
E07000125,2020-06-18,0.0
E07000126,2020-06-18,2.0
E07000127,2020-06-18,1.0
E07000128,2020-06-18,1.0
E07000163,2020-06-18,4.0
E07000165,2020-06-18,7.0
E07000166,2020-06-18,0.0
E08000001,2020-06-18,7.0
E08000002,2020-06-18,4.0
E08000003,2020-06-18,18.0
E08000004,2020-06-18,18.0
E08000005,2020-06-18,27.0
E08000006,2020-06-18,3.0
E08000007,2020-06-18,12.0
E08000008,2020-06-18,30.0
E08000009,2020-06-18,5.0
E08000010,2020-06-18,1.0
E08000011,2020-06-18,0.0
E08000012,2020-06-18,6.0
E08000013,2020-06-18,4.0
E08000014,2020-06-18,1.0
E08000015,2020-06-18,21.0
E08000032,2020-06-18,107.0
E08000033,2020-06-18,5.0
E08000034,2020-06-18,41.0
E06000006,2020-06-19,0.0
E06000007,2020-06-19,3.0
E06000008,2020-06-19,6.0
E06000009,2020-06-19,2.0
E06000049,2020-06-19,9.0
E06000050,2020-06-19,8.0
E07000027,2020-06-19,2.0
E07000029,2020-06-19,0.0
E07000031,2020-06-19,0.0
E07000037,2020-06-19,1.0
E07000117,2020-06-19,5.0
E07000118,2020-06-19,3.0
E07000119,2020-06-19,0.0
E07000120,2020-06-19,1.0
E07000121,2020-06-19,0.0
E07000122,2020-06-19,8.0
E07000123,2020-06-19,13.0
E07000124,2020-06-19,0.0
E07000125,2020-06-19,0.0
E07000126,2020-06-19,3.0
E07000127,2020-06-19,1.0
E07000128,2020-06-19,6.0
E07000163,2020-06-19,0.0
E07000165,2020-06-19,9.0
E07000166,2020-06-19,1.0
E08000001,2020-06-19,13.0
E08000002,2020-06-19,2.0
E08000003,2020-06-19,25.0
E08000004,2020-06-19,17.0
E08000005,2020-06-19,13.0
E08000006,2020-06-19,5.0
E08000007,2020-06-19,5.0
E08000008,2020-06-19,12.0
E08000009,2020-06-19,9.0
E08000010,2020-06-19,7.0
E08000011,2020-06-19,3.0
E08000012,2020-06-19,4.0
E08000013,2020-06-19,2.0
E08000014,2020-06-19,4.0
E08000015,2020-06-19,5.0
E08000032,2020-06-19,62.0
E08000033,2020-06-19,7.0
E08000034,2020-06-19,17.0
E06000006,2020-06-20,3.0
E06000007,2020-06-20,4.0
E06000008,2020-06-20,10.0
E06000009,2020-06-20,1.0
E06000049,2020-06-20,11.0
E06000050,2020-06-20,2.0
E07000027,2020-06-20,0.0
E07000029,2020-06-20,0.0
E07000031,2020-06-20,1.0
E07000037,2020-06-20,1.0
E07000117,2020-06-20,1.0
E07000118,2020-06-20,2.0
E07000119,2020-06-20,1.0
E07000120,2020-06-20,1.0
E07000121,2020-06-20,0.0
E07000122,2020-06-20,5.0
E07000123,2020-06-20,13.0
E07000124,2020-06-20,2.0
E07000125,2020-06-20,0.0
E07000126,2020-06-20,0.0
E07000127,2020-06-20,2.0
E07000128,2020-06-20,4.0
E07000163,2020-06-20,3.0
E07000165,2020-06-20,3.0
E07000166,2020-06-20,2.0
E08000001,2020-06-20,3.0
E08000002,2020-06-20,3.0
E08000003,2020-06-20,15.0
E08000004,2020-06-20,9.0
E08000005,2020-06-20,20.0
E08000006,2020-06-20,6.0
E08000007,2020-06-20,8.0
E08000008,2020-06-20,10.0
E08000009,2020-06-20,3.0
E08000010,2020-06-20,5.0
E08000011,2020-06-20,1.0
E08000012,2020-06-20,3.0
E08000013,2020-06-20,2.0
E08000014,2020-06-20,5.0
E08000015,2020-06-20,7.0
E08000032,2020-06-20,54.0
E08000033,2020-06-20,4.0
E08000034,2020-06-20,22.0
E06000006,2020-06-21,1.0
E06000007,2020-06-21,2.0
E06000008,2020-06-21,8.0
E06000009,2020-06-21,5.0
E06000049,2020-06-21,8.0
E06000050,2020-06-21,6.0
E07000027,2020-06-21,2.0
E07000029,2020-06-21,0.0
E07000031,2020-06-21,1.0
E07000037,2020-06-21,1.0
E07000117,2020-06-21,2.0
E07000118,2020-06-21,1.0
E07000119,2020-06-21,0.0
E07000120,2020-06-21,1.0
E07000121,2020-06-21,3.0
E07000122,2020-06-21,6.0
E07000123,2020-06-21,5.0
E07000124,2020-06-21,2.0
E07000125,2020-06-21,0.0
E07000126,2020-06-21,1.0
E07000127,2020-06-21,1.0
E07000128,2020-06-21,2.0
E07000163,2020-06-21,0.0
E07000165,2020-06-21,1.0
E07000166,2020-06-21,0.0
E08000001,2020-06-21,5.0
E08000002,2020-06-21,2.0
E08000003,2020-06-21,17.0
E08000004,2020-06-21,21.0
E08000005,2020-06-21,28.0
E08000006,2020-06-21,4.0
E08000007,2020-06-21,7.0
E08000008,2020-06-21,8.0
E08000009,2020-06-21,1.0
E08000010,2020-06-21,1.0
E08000011,2020-06-21,1.0
E08000012,2020-06-21,7.0
E08000013,2020-06-21,2.0
E08000014,2020-06-21,3.0
E08000015,2020-06-21,4.0
E08000032,2020-06-21,56.0
E08000033,2020-06-21,1.0
E08000034,2020-06-21,18.0
E06000006,2020-06-22,0.0
E06000007,2020-06-22,4.0
E06000008,2020-06-22,5.0
E06000009,2020-06-22,1.0
E06000049,2020-06-22,6.0
E06000050,2020-06-22,3.0
E07000027,2020-06-22,0.0
E07000029,2020-06-22,1.0
E07000031,2020-06-22,1.0
E07000037,2020-06-22,2.0
E07000117,2020-06-22,2.0
E07000118,2020-06-22,0.0
E07000119,2020-06-22,1.0
E07000120,2020-06-22,0.0
E07000121,2020-06-22,0.0
E07000122,2020-06-22,8.0
E07000123,2020-06-22,6.0
E07000124,2020-06-22,2.0
E07000125,2020-06-22,1.0
E07000126,2020-06-22,3.0
E07000127,2020-06-22,0.0
E07000128,2020-06-22,0.0
E07000163,2020-06-22,0.0
E07000165,2020-06-22,8.0
E07000166,2020-06-22,1.0
E08000001,2020-06-22,12.0
E08000002,2020-06-22,2.0
E08000003,2020-06-22,11.0
E08000004,2020-06-22,13.0
E08000005,2020-06-22,18.0
E08000006,2020-06-22,4.0
E08000007,2020-06-22,4.0
E08000008,2020-06-22,7.0
E08000009,2020-06-22,3.0
E08000010,2020-06-22,1.0
E08000011,2020-06-22,0.0
E08000012,2020-06-22,3.0
E08000013,2020-06-22,2.0
E08000014,2020-06-22,2.0
E08000015,2020-06-22,4.0
E08000032,2020-06-22,41.0
E08000033,2020-06-22,3.0
E08000034,2020-06-22,10.0
E06000006,2020-06-23,3.0
E06000007,2020-06-23,4.0
E06000008,2020-06-23,10.0
E06000009,2020-06-23,2.0
E06000049,2020-06-23,10.0
E06000050,2020-06-23,3.0
E07000027,2020-06-23,0.0
E07000029,2020-06-23,0.0
E07000031,2020-06-23,4.0
E07000037,2020-06-23,0.0
E07000117,2020-06-23,3.0
E07000118,2020-06-23,1.0
E07000119,2020-06-23,1.0
E07000120,2020-06-23,0.0
E07000121,2020-06-23,1.0
E07000122,2020-06-23,6.0
E07000123,2020-06-23,4.0
E07000124,2020-06-23,1.0
E07000125,2020-06-23,1.0
E07000126,2020-06-23,1.0
E07000127,2020-06-23,2.0
E07000128,2020-06-23,2.0
E07000163,2020-06-23,0.0
E07000165,2020-06-23,7.0
E07000166,2020-06-23,0.0
E08000001,2020-06-23,15.0
E08000002,2020-06-23,3.0
E08000003,2020-06-23,18.0
E08000004,2020-06-23,12.0
E08000005,2020-06-23,2.0
E08000006,2020-06-23,3.0
E08000007,2020-06-23,8.0
E08000008,2020-06-23,3.0
E08000009,2020-06-23,1.0
E08000010,2020-06-23,1.0
E08000011,2020-06-23,6.0
E08000012,2020-06-23,11.0
E08000013,2020-06-23,3.0
E08000014,2020-06-23,7.0
E08000015,2020-06-23,5.0
E08000032,2020-06-23,43.0
E08000033,2020-06-23,3.0
E08000034,2020-06-23,21.0
E06000006,2020-06-24,3.0
E06000007,2020-06-24,2.0
E06000008,2020-06-24,8.0
E06000009,2020-06-24,1.0
E06000049,2020-06-24,5.0
E06000050,2020-06-24,3.0
E07000027,2020-06-24,1.0
E07000029,2020-06-24,0.0
E07000031,2020-06-24,1.0
E07000037,2020-06-24,4.0
E07000117,2020-06-24,1.0
E07000118,2020-06-24,1.0
E07000119,2020-06-24,0.0
E07000120,2020-06-24,0.0
E07000121,2020-06-24,2.0
E07000122,2020-06-24,2.0
E07000123,2020-06-24,4.0
E07000124,2020-06-24,1.0
E07000125,2020-06-24,0.0
E07000126,2020-06-24,1.0
E07000127,2020-06-24,3.0
E07000128,2020-06-24,1.0
E07000163,2020-06-24,1.0
E07000165,2020-06-24,7.0
E07000166,2020-06-24,1.0
E08000001,2020-06-24,6.0
E08000002,2020-06-24,4.0
E08000003,2020-06-24,16.0
E08000004,2020-06-24,10.0
E08000005,2020-06-24,8.0
E08000006,2020-06-24,2.0
E08000007,2020-06-24,4.0
E08000008,2020-06-24,11.0
E08000009,2020-06-24,1.0
E08000010,2020-06-24,1.0
E08000011,2020-06-24,6.0
E08000012,2020-06-24,3.0
E08000013,2020-06-24,0.0
E08000014,2020-06-24,3.0
E08000015,2020-06-24,5.0
E08000032,2020-06-24,42.0
E08000033,2020-06-24,9.0
E08000034,2020-06-24,19.0
E06000006,2020-06-25,1.0
E06000007,2020-06-25,1.0
E06000008,2020-06-25,6.0
E06000009,2020-06-25,6.0
E06000049,2020-06-25,10.0
E06000050,2020-06-25,11.0
E07000027,2020-06-25,0.0
E07000029,2020-06-25,0.0
E07000031,2020-06-25,0.0
E07000037,2020-06-25,2.0
E07000117,2020-06-25,2.0
E07000118,2020-06-25,2.0
E07000119,2020-06-25,0.0
E07000120,2020-06-25,0.0
E07000121,2020-06-25,0.0
E07000122,2020-06-25,1.0
E07000123,2020-06-25,3.0
E07000124,2020-06-25,0.0
E07000125,2020-06-25,1.0
E07000126,2020-06-25,1.0
E07000127,2020-06-25,2.0
E07000128,2020-06-25,1.0
E07000163,2020-06-25,1.0
E07000165,2020-06-25,1.0
E07000166,2020-06-25,1.0
E08000001,2020-06-25,9.0
E08000002,2020-06-25,2.0
E08000003,2020-06-25,16.0
E08000004,2020-06-25,17.0
E08000005,2020-06-25,11.0
E08000006,2020-06-25,4.0
E08000007,2020-06-25,2.0
E08000008,2020-06-25,7.0
E08000009,2020-06-25,1.0
E08000010,2020-06-25,2.0
E08000011,2020-06-25,3.0
E08000012,2020-06-25,4.0
E08000013,2020-06-25,1.0
E08000014,2020-06-25,0.0
E08000015,2020-06-25,8.0
E08000032,2020-06-25,43.0
E08000033,2020-06-25,4.0
E08000034,2020-06-25,12.0
E06000006,2020-06-26,0.0
E06000007,2020-06-26,2.0
E06000008,2020-06-26,3.0
E06000009,2020-06-26,4.0
E06000049,2020-06-26,8.0
E06000050,2020-06-26,4.0
E07000027,2020-06-26,0.0
E07000029,2020-06-26,0.0
E07000031,2020-06-26,0.0
E07000037,2020-06-26,1.0
E07000117,2020-06-26,4.0
E07000118,2020-06-26,0.0
E07000119,2020-06-26,0.0
E07000120,2020-06-26,0.0
E07000121,2020-06-26,1.0
E07000122,2020-06-26,1.0
E07000123,2020-06-26,2.0
E07000124,2020-06-26,1.0
E07000125,2020-06-26,0.0
E07000126,2020-06-26,2.0
E07000127,2020-06-26,4.0
E07000128,2020-06-26,2.0
E07000163,2020-06-26,0.0
E07000165,2020-06-26,4.0
E07000166,2020-06-26,1.0
E08000001,2020-06-26,17.0
E08000002,2020-06-26,1.0
E08000003,2020-06-26,14.0
E08000004,2020-06-26,9.0
E08000005,2020-06-26,14.0
E08000006,2020-06-26,5.0
E08000007,2020-06-26,0.0
E08000008,2020-06-26,4.0
E08000009,2020-06-26,1.0
E08000010,2020-06-26,3.0
E08000011,2020-06-26,2.0
E08000012,2020-06-26,4.0
E08000013,2020-06-26,3.0
E08000014,2020-06-26,2.0
E08000015,2020-06-26,10.0
E08000032,2020-06-26,38.0
E08000033,2020-06-26,2.0
E08000034,2020-06-26,15.0
E06000006,2020-06-27,1.0
E06000007,2020-06-27,2.0
E06000008,2020-06-27,1.0
E06000009,2020-06-27,5.0
E06000049,2020-06-27,9.0
E06000050,2020-06-27,8.0
E07000027,2020-06-27,0.0
E07000029,2020-06-27,0.0
E07000031,2020-06-27,0.0
E07000037,2020-06-27,0.0
E07000117,2020-06-27,1.0
E07000118,2020-06-27,0.0
E07000119,2020-06-27,0.0
E07000120,2020-06-27,0.0
E07000121,2020-06-27,1.0
E07000122,2020-06-27,1.0
E07000123,2020-06-27,6.0
E07000124,2020-06-27,1.0
E07000125,2020-06-27,0.0
E07000126,2020-06-27,0.0
E07000127,2020-06-27,3.0
E07000128,2020-06-27,0.0
E07000163,2020-06-27,1.0
E07000165,2020-06-27,3.0
E07000166,2020-06-27,1.0
E08000001,2020-06-27,6.0
E08000002,2020-06-27,2.0
E08000003,2020-06-27,13.0
E08000004,2020-06-27,7.0
E08000005,2020-06-27,13.0
E08000006,2020-06-27,0.0
E08000007,2020-06-27,3.0
E08000008,2020-06-27,8.0
E08000009,2020-06-27,0.0
E08000010,2020-06-27,4.0
E08000011,2020-06-27,7.0
E08000012,2020-06-27,9.0
E08000013,2020-06-27,3.0
E08000014,2020-06-27,4.0
E08000015,2020-06-27,1.0
E08000032,2020-06-27,50.0
E08000033,2020-06-27,2.0
E08000034,2020-06-27,28.0
E06000006,2020-06-28,1.0
E06000007,2020-06-28,1.0
E06000008,2020-06-28,2.0
E06000009,2020-06-28,1.0
E06000049,2020-06-28,7.0
E06000050,2020-06-28,5.0
E07000027,2020-06-28,1.0
E07000029,2020-06-28,1.0
E07000031,2020-06-28,1.0
E07000037,2020-06-28,0.0
E07000117,2020-06-28,2.0
E07000118,2020-06-28,2.0
E07000119,2020-06-28,1.0
E07000120,2020-06-28,0.0
E07000121,2020-06-28,0.0
E07000122,2020-06-28,3.0
E07000123,2020-06-28,3.0
E07000124,2020-06-28,0.0
E07000125,2020-06-28,0.0
E07000126,2020-06-28,3.0
E07000127,2020-06-28,1.0
E07000128,2020-06-28,0.0
E07000163,2020-06-28,0.0
E07000165,2020-06-28,0.0
E07000166,2020-06-28,0.0
E08000001,2020-06-28,8.0
E08000002,2020-06-28,1.0
E08000003,2020-06-28,12.0
E08000004,2020-06-28,10.0
E08000005,2020-06-28,15.0
E08000006,2020-06-28,4.0
E08000007,2020-06-28,2.0
E08000008,2020-06-28,3.0
E08000009,2020-06-28,3.0
E08000010,2020-06-28,2.0
E08000011,2020-06-28,1.0
E08000012,2020-06-28,4.0
E08000013,2020-06-28,3.0
E08000014,2020-06-28,0.0
E08000015,2020-06-28,1.0
E08000032,2020-06-28,26.0
E08000033,2020-06-28,10.0
E08000034,2020-06-28,11.0
E06000006,2020-06-29,0.0
E06000007,2020-06-29,1.0
E06000008,2020-06-29,7.0
E06000009,2020-06-29,1.0
E06000049,2020-06-29,3.0
E06000050,2020-06-29,5.0
E07000027,2020-06-29,0.0
E07000029,2020-06-29,0.0
E07000031,2020-06-29,0.0
E07000037,2020-06-29,0.0
E07000117,2020-06-29,1.0
E07000118,2020-06-29,1.0
E07000119,2020-06-29,3.0
E07000120,2020-06-29,0.0
E07000121,2020-06-29,0.0
E07000122,2020-06-29,2.0
E07000123,2020-06-29,4.0
E07000124,2020-06-29,0.0
E07000125,2020-06-29,0.0
E07000126,2020-06-29,2.0
E07000127,2020-06-29,0.0
E07000128,2020-06-29,1.0
E07000163,2020-06-29,0.0
E07000165,2020-06-29,0.0
E07000166,2020-06-29,0.0
E08000001,2020-06-29,9.0
E08000002,2020-06-29,3.0
E08000003,2020-06-29,15.0
E08000004,2020-06-29,5.0
E08000005,2020-06-29,12.0
E08000006,2020-06-29,2.0
E08000007,2020-06-29,5.0
E08000008,2020-06-29,9.0
E08000009,2020-06-29,0.0
E08000010,2020-06-29,1.0
E08000011,2020-06-29,9.0
E08000012,2020-06-29,12.0
E08000013,2020-06-29,0.0
E08000014,2020-06-29,2.0
E08000015,2020-06-29,3.0
E08000032,2020-06-29,21.0
E08000033,2020-06-29,2.0
E08000034,2020-06-29,21.0
E06000006,2020-06-30,1.0
E06000007,2020-06-30,1.0
E06000008,2020-06-30,2.0
E06000009,2020-06-30,2.0
E06000049,2020-06-30,3.0
E06000050,2020-06-30,10.0
E07000027,2020-06-30,0.0
E07000029,2020-06-30,0.0
E07000031,2020-06-30,0.0
E07000037,2020-06-30,0.0
E07000117,2020-06-30,2.0
E07000118,2020-06-30,0.0
E07000119,2020-06-30,0.0
E07000120,2020-06-30,0.0
E07000121,2020-06-30,0.0
E07000122,2020-06-30,1.0
E07000123,2020-06-30,0.0
E07000124,2020-06-30,0.0
E07000125,2020-06-30,0.0
E07000126,2020-06-30,0.0
E07000127,2020-06-30,0.0
E07000128,2020-06-30,1.0
E07000163,2020-06-30,1.0
E07000165,2020-06-30,1.0
E07000166,2020-06-30,1.0
E08000001,2020-06-30,9.0
E08000002,2020-06-30,2.0
E08000003,2020-06-30,7.0
E08000004,2020-06-30,6.0
E08000005,2020-06-30,10.0
E08000006,2020-06-30,4.0
E08000007,2020-06-30,6.0
E08000008,2020-06-30,2.0
E08000009,2020-06-30,4.0
E08000010,2020-06-30,1.0
E08000011,2020-06-30,3.0
E08000012,2020-06-30,5.0
E08000013,2020-06-30,1.0
E08000014,2020-06-30,2.0
E08000015,2020-06-30,2.0
E08000032,2020-06-30,29.0
E08000033,2020-06-30,7.0
E08000034,2020-06-30,19.0
E06000006,2020-07-01,3.0
E06000007,2020-07-01,0.0
E06000008,2020-07-01,6.0
E06000009,2020-07-01,0.0
E06000049,2020-07-01,4.0
E06000050,2020-07-01,6.0
E07000027,2020-07-01,0.0
E07000029,2020-07-01,0.0
E07000031,2020-07-01,0.0
E07000037,2020-07-01,0.0
E07000117,2020-07-01,2.0
E07000118,2020-07-01,0.0
E07000119,2020-07-01,2.0
E07000120,2020-07-01,1.0
E07000121,2020-07-01,0.0
E07000122,2020-07-01,5.0
E07000123,2020-07-01,4.0
E07000124,2020-07-01,1.0
E07000125,2020-07-01,0.0
E07000126,2020-07-01,2.0
E07000127,2020-07-01,0.0
E07000128,2020-07-01,0.0
E07000163,2020-07-01,0.0
E07000165,2020-07-01,3.0
E07000166,2020-07-01,0.0
E08000001,2020-07-01,8.0
E08000002,2020-07-01,1.0
E08000003,2020-07-01,7.0
E08000004,2020-07-01,14.0
E08000005,2020-07-01,16.0
E08000006,2020-07-01,3.0
E08000007,2020-07-01,3.0
E08000008,2020-07-01,5.0
E08000009,2020-07-01,5.0
E08000010,2020-07-01,0.0
E08000011,2020-07-01,1.0
E08000012,2020-07-01,9.0
E08000013,2020-07-01,1.0
E08000014,2020-07-01,1.0
E08000015,2020-07-01,1.0
E08000032,2020-07-01,28.0
E08000033,2020-07-01,8.0
E08000034,2020-07-01,29.0
E06000006,2020-07-02,3.0
E06000007,2020-07-02,4.0
E06000008,2020-07-02,8.0
E06000009,2020-07-02,0.0
E06000049,2020-07-02,3.0
E06000050,2020-07-02,4.0
E07000027,2020-07-02,0.0
E07000029,2020-07-02,0.0
E07000031,2020-07-02,0.0
E07000037,2020-07-02,0.0
E07000117,2020-07-02,1.0
E07000118,2020-07-02,1.0
E07000119,2020-07-02,0.0
E07000120,2020-07-02,0.0
E07000121,2020-07-02,0.0
E07000122,2020-07-02,1.0
E07000123,2020-07-02,2.0
E07000124,2020-07-02,2.0
E07000125,2020-07-02,0.0
E07000126,2020-07-02,0.0
E07000127,2020-07-02,0.0
E07000128,2020-07-02,0.0
E07000163,2020-07-02,0.0
E07000165,2020-07-02,2.0
E07000166,2020-07-02,1.0
E08000001,2020-07-02,8.0
E08000002,2020-07-02,5.0
E08000003,2020-07-02,8.0
E08000004,2020-07-02,10.0
E08000005,2020-07-02,3.0
E08000006,2020-07-02,3.0
E08000007,2020-07-02,3.0
E08000008,2020-07-02,5.0
E08000009,2020-07-02,2.0
E08000010,2020-07-02,0.0
E08000011,2020-07-02,6.0
E08000012,2020-07-02,6.0
E08000013,2020-07-02,1.0
E08000014,2020-07-02,4.0
E08000015,2020-07-02,1.0
E08000032,2020-07-02,31.0
E08000033,2020-07-02,2.0
E08000034,2020-07-02,21.0
E06000006,2020-07-03,0.0
E06000007,2020-07-03,2.0
E06000008,2020-07-03,12.0
E06000009,2020-07-03,5.0
E06000049,2020-07-03,0.0
E06000050,2020-07-03,3.0
E07000027,2020-07-03,0.0
E07000029,2020-07-03,1.0
E07000031,2020-07-03,2.0
E07000037,2020-07-03,1.0
E07000117,2020-07-03,0.0
E07000118,2020-07-03,0.0
E07000119,2020-07-03,3.0
E07000120,2020-07-03,1.0
E07000121,2020-07-03,1.0
E07000122,2020-07-03,2.0
E07000123,2020-07-03,1.0
E07000124,2020-07-03,0.0
E07000125,2020-07-03,0.0
E07000126,2020-07-03,0.0
E07000127,2020-07-03,1.0
E07000128,2020-07-03,1.0
E07000163,2020-07-03,0.0
E07000165,2020-07-03,0.0
E07000166,2020-07-03,0.0
E08000001,2020-07-03,2.0
E08000002,2020-07-03,2.0
E08000003,2020-07-03,19.0
E08000004,2020-07-03,5.0
E08000005,2020-07-03,6.0
E08000006,2020-07-03,2.0
E08000007,2020-07-03,5.0
E08000008,2020-07-03,3.0
E08000009,2020-07-03,1.0
E08000010,2020-07-03,1.0
E08000011,2020-07-03,3.0
E08000012,2020-07-03,10.0
E08000013,2020-07-03,1.0
E08000014,2020-07-03,3.0
E08000015,2020-07-03,1.0
E08000032,2020-07-03,31.0
E08000033,2020-07-03,2.0
E08000034,2020-07-03,17.0
E06000006,2020-07-04,0.0
E06000007,2020-07-04,1.0
E06000008,2020-07-04,7.0
E06000009,2020-07-04,1.0
E06000049,2020-07-04,9.0
E06000050,2020-07-04,8.0
E07000027,2020-07-04,0.0
E07000029,2020-07-04,1.0
E07000031,2020-07-04,0.0
E07000037,2020-07-04,2.0
E07000117,2020-07-04,0.0
E07000118,2020-07-04,0.0
E07000119,2020-07-04,0.0
E07000120,2020-07-04,0.0
E07000121,2020-07-04,0.0
E07000122,2020-07-04,1.0
E07000123,2020-07-04,0.0
E07000124,2020-07-04,2.0
E07000125,2020-07-04,0.0
E07000126,2020-07-04,1.0
E07000127,2020-07-04,3.0
E07000128,2020-07-04,1.0
E07000163,2020-07-04,1.0
E07000165,2020-07-04,1.0
E07000166,2020-07-04,0.0
E08000001,2020-07-04,5.0
E08000002,2020-07-04,8.0
E08000003,2020-07-04,21.0
E08000004,2020-07-04,4.0
E08000005,2020-07-04,14.0
E08000006,2020-07-04,4.0
E08000007,2020-07-04,1.0
E08000008,2020-07-04,5.0
E08000009,2020-07-04,1.0
E08000010,2020-07-04,4.0
E08000011,2020-07-04,2.0
E08000012,2020-07-04,7.0
E08000013,2020-07-04,0.0
E08000014,2020-07-04,1.0
E08000015,2020-07-04,3.0
E08000032,2020-07-04,31.0
E08000033,2020-07-04,4.0
E08000034,2020-07-04,22.0
E06000006,2020-07-05,0.0
E06000007,2020-07-05,0.0
E06000008,2020-07-05,3.0
E06000009,2020-07-05,2.0
E06000049,2020-07-05,4.0
E06000050,2020-07-05,6.0
E07000027,2020-07-05,0.0
E07000029,2020-07-05,0.0
E07000031,2020-07-05,0.0
E07000037,2020-07-05,1.0
E07000117,2020-07-05,0.0
E07000118,2020-07-05,0.0
E07000119,2020-07-05,0.0
E07000120,2020-07-05,0.0
E07000121,2020-07-05,0.0
E07000122,2020-07-05,1.0
E07000123,2020-07-05,2.0
E07000124,2020-07-05,2.0
E07000125,2020-07-05,0.0
E07000126,2020-07-05,2.0
E07000127,2020-07-05,1.0
E07000128,2020-07-05,0.0
E07000163,2020-07-05,0.0
E07000165,2020-07-05,0.0
E07000166,2020-07-05,0.0
E08000001,2020-07-05,3.0
E08000002,2020-07-05,1.0
E08000003,2020-07-05,6.0
E08000004,2020-07-05,7.0
E08000005,2020-07-05,20.0
E08000006,2020-07-05,2.0
E08000007,2020-07-05,2.0
E08000008,2020-07-05,4.0
E08000009,2020-07-05,1.0
E08000010,2020-07-05,2.0
E08000011,2020-07-05,1.0
E08000012,2020-07-05,7.0
E08000013,2020-07-05,1.0
E08000014,2020-07-05,2.0
E08000015,2020-07-05,0.0
E08000032,2020-07-05,20.0
E08000033,2020-07-05,5.0
E08000034,2020-07-05,20.0
E06000006,2020-07-06,0.0
E06000007,2020-07-06,1.0
E06000008,2020-07-06,9.0
E06000009,2020-07-06,1.0
E06000049,2020-07-06,1.0
E06000050,2020-07-06,1.0
E07000027,2020-07-06,0.0
E07000029,2020-07-06,2.0
E07000031,2020-07-06,0.0
E07000037,2020-07-06,0.0
E07000117,2020-07-06,1.0
E07000118,2020-07-06,0.0
E07000119,2020-07-06,1.0
E07000120,2020-07-06,0.0
E07000121,2020-07-06,0.0
E07000122,2020-07-06,10.0
E07000123,2020-07-06,3.0
E07000124,2020-07-06,1.0
E07000125,2020-07-06,0.0
E07000126,2020-07-06,2.0
E07000127,2020-07-06,1.0
E07000128,2020-07-06,2.0
E07000163,2020-07-06,0.0
E07000165,2020-07-06,1.0
E07000166,2020-07-06,0.0
E08000001,2020-07-06,13.0
E08000002,2020-07-06,1.0
E08000003,2020-07-06,12.0
E08000004,2020-07-06,7.0
E08000005,2020-07-06,9.0
E08000006,2020-07-06,4.0
E08000007,2020-07-06,2.0
E08000008,2020-07-06,3.0
E08000009,2020-07-06,3.0
E08000010,2020-07-06,0.0
E08000011,2020-07-06,0.0
E08000012,2020-07-06,2.0
E08000013,2020-07-06,1.0
E08000014,2020-07-06,1.0
E08000015,2020-07-06,2.0
E08000032,2020-07-06,25.0
E08000033,2020-07-06,1.0
E08000034,2020-07-06,20.0
E06000006,2020-07-07,1.0
E06000007,2020-07-07,0.0
E06000008,2020-07-07,7.0
E06000009,2020-07-07,1.0
E06000049,2020-07-07,1.0
E06000050,2020-07-07,2.0
E07000027,2020-07-07,0.0
E07000029,2020-07-07,1.0
E07000031,2020-07-07,1.0
E07000037,2020-07-07,1.0
E07000117,2020-07-07,0.0
E07000118,2020-07-07,1.0
E07000119,2020-07-07,0.0
E07000120,2020-07-07,0.0
E07000121,2020-07-07,1.0
E07000122,2020-07-07,11.0
E07000123,2020-07-07,1.0
E07000124,2020-07-07,0.0
E07000125,2020-07-07,0.0
E07000126,2020-07-07,1.0
E07000127,2020-07-07,2.0
E07000128,2020-07-07,0.0
E07000163,2020-07-07,0.0
E07000165,2020-07-07,1.0
E07000166,2020-07-07,0.0
E08000001,2020-07-07,6.0
E08000002,2020-07-07,0.0
E08000003,2020-07-07,5.0
E08000004,2020-07-07,8.0
E08000005,2020-07-07,11.0
E08000006,2020-07-07,2.0
E08000007,2020-07-07,3.0
E08000008,2020-07-07,1.0
E08000009,2020-07-07,1.0
E08000010,2020-07-07,3.0
E08000011,2020-07-07,2.0
E08000012,2020-07-07,4.0
E08000013,2020-07-07,0.0
E08000014,2020-07-07,1.0
E08000015,2020-07-07,3.0
E08000032,2020-07-07,34.0
E08000033,2020-07-07,2.0
E08000034,2020-07-07,13.0
E06000006,2020-07-08,2.0
E06000007,2020-07-08,0.0
E06000008,2020-07-08,13.0
E06000009,2020-07-08,2.0
E06000049,2020-07-08,2.0
E06000050,2020-07-08,5.0
E07000027,2020-07-08,0.0
E07000029,2020-07-08,0.0
E07000031,2020-07-08,0.0
E07000037,2020-07-08,1.0
E07000117,2020-07-08,0.0
E07000118,2020-07-08,0.0
E07000119,2020-07-08,6.0
E07000120,2020-07-08,1.0
E07000121,2020-07-08,0.0
E07000122,2020-07-08,20.0
E07000123,2020-07-08,0.0
E07000124,2020-07-08,0.0
E07000125,2020-07-08,0.0
E07000126,2020-07-08,1.0
E07000127,2020-07-08,0.0
E07000128,2020-07-08,0.0
E07000163,2020-07-08,0.0
E07000165,2020-07-08,1.0
E07000166,2020-07-08,0.0
E08000001,2020-07-08,14.0
E08000002,2020-07-08,2.0
E08000003,2020-07-08,17.0
E08000004,2020-07-08,7.0
E08000005,2020-07-08,10.0
E08000006,2020-07-08,5.0
E08000007,2020-07-08,1.0
E08000008,2020-07-08,1.0
E08000009,2020-07-08,1.0
E08000010,2020-07-08,3.0
E08000011,2020-07-08,0.0
E08000012,2020-07-08,3.0
E08000013,2020-07-08,1.0
E08000014,2020-07-08,0.0
E08000015,2020-07-08,4.0
E08000032,2020-07-08,22.0
E08000033,2020-07-08,12.0
E08000034,2020-07-08,22.0
E06000006,2020-07-09,0.0
E06000007,2020-07-09,0.0
E06000008,2020-07-09,9.0
E06000009,2020-07-09,0.0
E06000049,2020-07-09,2.0
E06000050,2020-07-09,6.0
E07000027,2020-07-09,0.0
E07000029,2020-07-09,0.0
E07000031,2020-07-09,0.0
E07000037,2020-07-09,1.0
E07000117,2020-07-09,2.0
E07000118,2020-07-09,1.0
E07000119,2020-07-09,0.0
E07000120,2020-07-09,1.0
E07000121,2020-07-09,0.0
E07000122,2020-07-09,5.0
E07000123,2020-07-09,2.0
E07000124,2020-07-09,1.0
E07000125,2020-07-09,0.0
E07000126,2020-07-09,0.0
E07000127,2020-07-09,0.0
E07000128,2020-07-09,0.0
E07000163,2020-07-09,0.0
E07000165,2020-07-09,1.0
E07000166,2020-07-09,0.0
E08000001,2020-07-09,9.0
E08000002,2020-07-09,2.0
E08000003,2020-07-09,9.0
E08000004,2020-07-09,6.0
E08000005,2020-07-09,14.0
E08000006,2020-07-09,15.0
E08000007,2020-07-09,0.0
E08000008,2020-07-09,6.0
E08000009,2020-07-09,5.0
E08000010,2020-07-09,2.0
E08000011,2020-07-09,0.0
E08000012,2020-07-09,1.0
E08000013,2020-07-09,0.0
E08000014,2020-07-09,1.0
E08000015,2020-07-09,2.0
E08000032,2020-07-09,33.0
E08000033,2020-07-09,4.0
E08000034,2020-07-09,10.0
E06000006,2020-07-10,1.0
E06000007,2020-07-10,1.0
E06000008,2020-07-10,11.0
E06000009,2020-07-10,3.0
E06000049,2020-07-10,5.0
E06000050,2020-07-10,12.0
E07000027,2020-07-10,0.0
E07000029,2020-07-10,0.0
E07000031,2020-07-10,0.0
E07000037,2020-07-10,0.0
E07000117,2020-07-10,4.0
E07000118,2020-07-10,0.0
E07000119,2020-07-10,0.0
E07000120,2020-07-10,0.0
E07000121,2020-07-10,0.0
E07000122,2020-07-10,5.0
E07000123,2020-07-10,3.0
E07000124,2020-07-10,1.0
E07000125,2020-07-10,3.0
E07000126,2020-07-10,2.0
E07000127,2020-07-10,0.0
E07000128,2020-07-10,1.0
E07000163,2020-07-10,0.0
E07000165,2020-07-10,1.0
E07000166,2020-07-10,0.0
E08000001,2020-07-10,2.0
E08000002,2020-07-10,2.0
E08000003,2020-07-10,9.0
E08000004,2020-07-10,5.0
E08000005,2020-07-10,14.0
E08000006,2020-07-10,4.0
E08000007,2020-07-10,3.0
E08000008,2020-07-10,5.0
E08000009,2020-07-10,1.0
E08000010,2020-07-10,3.0
E08000011,2020-07-10,0.0
E08000012,2020-07-10,4.0
E08000013,2020-07-10,1.0
E08000014,2020-07-10,4.0
E08000015,2020-07-10,4.0
E08000032,2020-07-10,17.0
E08000033,2020-07-10,10.0
E08000034,2020-07-10,28.0
E06000006,2020-07-11,1.0
E06000007,2020-07-11,4.0
E06000008,2020-07-11,15.0
E06000009,2020-07-11,2.0
E06000049,2020-07-11,1.0
E06000050,2020-07-11,7.0
E07000027,2020-07-11,0.0
E07000029,2020-07-11,0.0
E07000031,2020-07-11,0.0
E07000037,2020-07-11,0.0
E07000117,2020-07-11,4.0
E07000118,2020-07-11,0.0
E07000119,2020-07-11,2.0
E07000120,2020-07-11,2.0
E07000121,2020-07-11,1.0
E07000122,2020-07-11,10.0
E07000123,2020-07-11,1.0
E07000124,2020-07-11,0.0
E07000125,2020-07-11,0.0
E07000126,2020-07-11,0.0
E07000127,2020-07-11,1.0
E07000128,2020-07-11,1.0
E07000163,2020-07-11,0.0
E07000165,2020-07-11,2.0
E07000166,2020-07-11,0.0
E08000001,2020-07-11,8.0
E08000002,2020-07-11,0.0
E08000003,2020-07-11,11.0
E08000004,2020-07-11,6.0
E08000005,2020-07-11,6.0
E08000006,2020-07-11,5.0
E08000007,2020-07-11,4.0
E08000008,2020-07-11,3.0
E08000009,2020-07-11,5.0
E08000010,2020-07-11,2.0
E08000011,2020-07-11,2.0
E08000012,2020-07-11,5.0
E08000013,2020-07-11,0.0
E08000014,2020-07-11,2.0
E08000015,2020-07-11,0.0
E08000032,2020-07-11,30.0
E08000033,2020-07-11,10.0
E08000034,2020-07-11,24.0
E06000006,2020-07-12,0.0
E06000007,2020-07-12,0.0
E06000008,2020-07-12,7.0
E06000009,2020-07-12,1.0
E06000049,2020-07-12,1.0
E06000050,2020-07-12,1.0
E07000027,2020-07-12,0.0
E07000029,2020-07-12,0.0
E07000031,2020-07-12,1.0
E07000037,2020-07-12,0.0
E07000117,2020-07-12,0.0
E07000118,2020-07-12,1.0
E07000119,2020-07-12,0.0
E07000120,2020-07-12,0.0
E07000121,2020-07-12,1.0
E07000122,2020-07-12,11.0
E07000123,2020-07-12,3.0
E07000124,2020-07-12,0.0
E07000125,2020-07-12,0.0
E07000126,2020-07-12,1.0
E07000127,2020-07-12,0.0
E07000128,2020-07-12,0.0
E07000163,2020-07-12,0.0
E07000165,2020-07-12,0.0
E07000166,2020-07-12,0.0
E08000001,2020-07-12,9.0
E08000002,2020-07-12,2.0
E08000003,2020-07-12,14.0
E08000004,2020-07-12,2.0
E08000005,2020-07-12,9.0
E08000006,2020-07-12,3.0
E08000007,2020-07-12,1.0
E08000008,2020-07-12,3.0
E08000009,2020-07-12,0.0
E08000010,2020-07-12,1.0
E08000011,2020-07-12,1.0
E08000012,2020-07-12,3.0
E08000013,2020-07-12,0.0
E08000014,2020-07-12,8.0
E08000015,2020-07-12,3.0
E08000032,2020-07-12,21.0
E08000033,2020-07-12,4.0
E08000034,2020-07-12,10.0
E06000006,2020-07-13,1.0
E06000007,2020-07-13,2.0
E06000008,2020-07-13,12.0
E06000009,2020-07-13,1.0
E06000049,2020-07-13,1.0
E06000050,2020-07-13,2.0
E07000027,2020-07-13,0.0
E07000029,2020-07-13,0.0
E07000031,2020-07-13,0.0
E07000037,2020-07-13,0.0
E07000117,2020-07-13,0.0
E07000118,2020-07-13,1.0
E07000119,2020-07-13,1.0
E07000120,2020-07-13,1.0
E07000121,2020-07-13,1.0
E07000122,2020-07-13,4.0
E07000123,2020-07-13,1.0
E07000124,2020-07-13,0.0
E07000125,2020-07-13,0.0
E07000126,2020-07-13,0.0
E07000127,2020-07-13,0.0
E07000128,2020-07-13,0.0
E07000163,2020-07-13,1.0
E07000165,2020-07-13,1.0
E07000166,2020-07-13,1.0
E08000001,2020-07-13,3.0
E08000002,2020-07-13,1.0
E08000003,2020-07-13,10.0
E08000004,2020-07-13,2.0
E08000005,2020-07-13,8.0
E08000006,2020-07-13,0.0
E08000007,2020-07-13,0.0
E08000008,2020-07-13,0.0
E08000009,2020-07-13,0.0
E08000010,2020-07-13,2.0
E08000011,2020-07-13,0.0
E08000012,2020-07-13,5.0
E08000013,2020-07-13,0.0
E08000014,2020-07-13,2.0
E08000015,2020-07-13,0.0
E08000032,2020-07-13,35.0
E08000033,2020-07-13,3.0
E08000034,2020-07-13,7.0
E06000006,2020-07-14,0.0
E06000007,2020-07-14,2.0
E06000008,2020-07-14,13.0
E06000009,2020-07-14,0.0
E06000049,2020-07-14,4.0
E06000050,2020-07-14,1.0
E07000027,2020-07-14,0.0
E07000029,2020-07-14,0.0
E07000031,2020-07-14,1.0
E07000037,2020-07-14,0.0
E07000117,2020-07-14,0.0
E07000118,2020-07-14,0.0
E07000119,2020-07-14,3.0
E07000120,2020-07-14,0.0
E07000121,2020-07-14,0.0
E07000122,2020-07-14,2.0
E07000123,2020-07-14,1.0
E07000124,2020-07-14,0.0
E07000125,2020-07-14,0.0
E07000126,2020-07-14,0.0
E07000127,2020-07-14,0.0
E07000128,2020-07-14,0.0
E07000163,2020-07-14,1.0
E07000165,2020-07-14,1.0
E07000166,2020-07-14,0.0
E08000001,2020-07-14,3.0
E08000002,2020-07-14,2.0
E08000003,2020-07-14,8.0
E08000004,2020-07-14,3.0
E08000005,2020-07-14,10.0
E08000006,2020-07-14,2.0
E08000007,2020-07-14,1.0
E08000008,2020-07-14,0.0
E08000009,2020-07-14,6.0
E08000010,2020-07-14,1.0
E08000011,2020-07-14,1.0
E08000012,2020-07-14,2.0
E08000013,2020-07-14,2.0
E08000014,2020-07-14,0.0
E08000015,2020-07-14,1.0
E08000032,2020-07-14,46.0
E08000033,2020-07-14,4.0
E08000034,2020-07-14,16.0
E06000006,2020-07-15,0.0
E06000007,2020-07-15,0.0
E06000008,2020-07-15,8.0
E06000009,2020-07-15,1.0
E06000049,2020-07-15,3.0
E06000050,2020-07-15,1.0
E07000027,2020-07-15,0.0
E07000029,2020-07-15,0.0
E07000031,2020-07-15,0.0
E07000037,2020-07-15,1.0
E07000117,2020-07-15,2.0
E07000118,2020-07-15,0.0
E07000119,2020-07-15,0.0
E07000120,2020-07-15,1.0
E07000121,2020-07-15,0.0
E07000122,2020-07-15,5.0
E07000123,2020-07-15,1.0
E07000124,2020-07-15,0.0
E07000125,2020-07-15,1.0
E07000126,2020-07-15,1.0
E07000127,2020-07-15,0.0
E07000128,2020-07-15,1.0
E07000163,2020-07-15,0.0
E07000165,2020-07-15,2.0
E07000166,2020-07-15,0.0
E08000001,2020-07-15,8.0
E08000002,2020-07-15,3.0
E08000003,2020-07-15,8.0
E08000004,2020-07-15,5.0
E08000005,2020-07-15,18.0
E08000006,2020-07-15,2.0
E08000007,2020-07-15,5.0
E08000008,2020-07-15,1.0
E08000009,2020-07-15,2.0
E08000010,2020-07-15,5.0
E08000011,2020-07-15,0.0
E08000012,2020-07-15,0.0
E08000013,2020-07-15,0.0
E08000014,2020-07-15,6.0
E08000015,2020-07-15,0.0
E08000032,2020-07-15,31.0
E08000033,2020-07-15,5.0
E08000034,2020-07-15,27.0
E06000006,2020-07-16,0.0
E06000007,2020-07-16,1.0
E06000008,2020-07-16,38.0
E06000009,2020-07-16,0.0
E06000049,2020-07-16,6.0
E06000050,2020-07-16,7.0
E07000027,2020-07-16,0.0
E07000029,2020-07-16,0.0
E07000031,2020-07-16,0.0
E07000037,2020-07-16,0.0
E07000117,2020-07-16,2.0
E07000118,2020-07-16,0.0
E07000119,2020-07-16,2.0
E07000120,2020-07-16,6.0
E07000121,2020-07-16,0.0
E07000122,2020-07-16,2.0
E07000123,2020-07-16,1.0
E07000124,2020-07-16,0.0
E07000125,2020-07-16,2.0
E07000126,2020-07-16,1.0
E07000127,2020-07-16,2.0
E07000128,2020-07-16,1.0
E07000163,2020-07-16,0.0
E07000165,2020-07-16,0.0
E07000166,2020-07-16,1.0
E08000001,2020-07-16,6.0
E08000002,2020-07-16,3.0
E08000003,2020-07-16,17.0
E08000004,2020-07-16,6.0
E08000005,2020-07-16,11.0
E08000006,2020-07-16,4.0
E08000007,2020-07-16,3.0
E08000008,2020-07-16,3.0
E08000009,2020-07-16,4.0
E08000010,2020-07-16,1.0
E08000011,2020-07-16,0.0
E08000012,2020-07-16,1.0
E08000013,2020-07-16,1.0
E08000014,2020-07-16,4.0
E08000015,2020-07-16,0.0
E08000032,2020-07-16,35.0
E08000033,2020-07-16,13.0
E08000034,2020-07-16,27.0
E06000006,2020-07-17,2.0
E06000007,2020-07-17,2.0
E06000008,2020-07-17,31.0
E06000009,2020-07-17,2.0
E06000049,2020-07-17,5.0
E06000050,2020-07-17,4.0
E07000027,2020-07-17,0.0
E07000029,2020-07-17,1.0
E07000031,2020-07-17,2.0
E07000037,2020-07-17,1.0
E07000117,2020-07-17,3.0
E07000118,2020-07-17,0.0
E07000119,2020-07-17,0.0
E07000120,2020-07-17,9.0
E07000121,2020-07-17,0.0
E07000122,2020-07-17,6.0
E07000123,2020-07-17,3.0
E07000124,2020-07-17,0.0
E07000125,2020-07-17,2.0
E07000126,2020-07-17,1.0
E07000127,2020-07-17,1.0
E07000128,2020-07-17,1.0
E07000163,2020-07-17,0.0
E07000165,2020-07-17,1.0
E07000166,2020-07-17,0.0
E08000001,2020-07-17,5.0
E08000002,2020-07-17,3.0
E08000003,2020-07-17,11.0
E08000004,2020-07-17,4.0
E08000005,2020-07-17,25.0
E08000006,2020-07-17,9.0
E08000007,2020-07-17,2.0
E08000008,2020-07-17,5.0
E08000009,2020-07-17,7.0
E08000010,2020-07-17,3.0
E08000011,2020-07-17,1.0
E08000012,2020-07-17,2.0
E08000013,2020-07-17,0.0
E08000014,2020-07-17,2.0
E08000015,2020-07-17,2.0
E08000032,2020-07-17,19.0
E08000033,2020-07-17,5.0
E08000034,2020-07-17,14.0
E06000006,2020-07-18,1.0
E06000007,2020-07-18,3.0
E06000008,2020-07-18,14.0
E06000009,2020-07-18,1.0
E06000049,2020-07-18,1.0
E06000050,2020-07-18,4.0
E07000027,2020-07-18,0.0
E07000029,2020-07-18,0.0
E07000031,2020-07-18,0.0
E07000037,2020-07-18,1.0
E07000117,2020-07-18,2.0
E07000118,2020-07-18,1.0
E07000119,2020-07-18,2.0
E07000120,2020-07-18,4.0
E07000121,2020-07-18,0.0
E07000122,2020-07-18,6.0
E07000123,2020-07-18,3.0
E07000124,2020-07-18,0.0
E07000125,2020-07-18,1.0
E07000126,2020-07-18,0.0
E07000127,2020-07-18,2.0
E07000128,2020-07-18,2.0
E07000163,2020-07-18,1.0
E07000165,2020-07-18,0.0
E07000166,2020-07-18,0.0
E08000001,2020-07-18,5.0
E08000002,2020-07-18,6.0
E08000003,2020-07-18,15.0
E08000004,2020-07-18,7.0
E08000005,2020-07-18,19.0
E08000006,2020-07-18,8.0
E08000007,2020-07-18,7.0
E08000008,2020-07-18,0.0
E08000009,2020-07-18,3.0
E08000010,2020-07-18,1.0
E08000011,2020-07-18,1.0
E08000012,2020-07-18,1.0
E08000013,2020-07-18,0.0
E08000014,2020-07-18,6.0
E08000015,2020-07-18,2.0
E08000032,2020-07-18,35.0
E08000033,2020-07-18,12.0
E08000034,2020-07-18,27.0
E06000006,2020-07-19,0.0
E06000007,2020-07-19,1.0
E06000008,2020-07-19,8.0
E06000009,2020-07-19,1.0
E06000049,2020-07-19,0.0
E06000050,2020-07-19,2.0
E07000027,2020-07-19,0.0
E07000029,2020-07-19,0.0
E07000031,2020-07-19,0.0
E07000037,2020-07-19,1.0
E07000117,2020-07-19,1.0
E07000118,2020-07-19,0.0
E07000119,2020-07-19,1.0
E07000120,2020-07-19,9.0
E07000121,2020-07-19,0.0
E07000122,2020-07-19,4.0
E07000123,2020-07-19,4.0
E07000124,2020-07-19,1.0
E07000125,2020-07-19,0.0
E07000126,2020-07-19,0.0
E07000127,2020-07-19,0.0
E07000128,2020-07-19,0.0
E07000163,2020-07-19,0.0
E07000165,2020-07-19,0.0
E07000166,2020-07-19,0.0
E08000001,2020-07-19,13.0
E08000002,2020-07-19,1.0
E08000003,2020-07-19,11.0
E08000004,2020-07-19,8.0
E08000005,2020-07-19,15.0
E08000006,2020-07-19,4.0
E08000007,2020-07-19,3.0
E08000008,2020-07-19,3.0
E08000009,2020-07-19,2.0
E08000010,2020-07-19,0.0
E08000011,2020-07-19,2.0
E08000012,2020-07-19,3.0
E08000013,2020-07-19,0.0
E08000014,2020-07-19,1.0
E08000015,2020-07-19,0.0
E08000032,2020-07-19,28.0
E08000033,2020-07-19,8.0
E08000034,2020-07-19,18.0
E06000006,2020-07-20,0.0
E06000007,2020-07-20,0.0
E06000008,2020-07-20,13.0
E06000009,2020-07-20,1.0
E06000049,2020-07-20,1.0
E06000050,2020-07-20,1.0
E07000027,2020-07-20,0.0
E07000029,2020-07-20,0.0
E07000031,2020-07-20,0.0
E07000037,2020-07-20,0.0
E07000117,2020-07-20,4.0
E07000118,2020-07-20,1.0
E07000119,2020-07-20,0.0
E07000120,2020-07-20,2.0
E07000121,2020-07-20,0.0
E07000122,2020-07-20,2.0
E07000123,2020-07-20,1.0
E07000124,2020-07-20,0.0
E07000125,2020-07-20,1.0
E07000126,2020-07-20,0.0
E07000127,2020-07-20,1.0
E07000128,2020-07-20,0.0
E07000163,2020-07-20,0.0
E07000165,2020-07-20,0.0
E07000166,2020-07-20,0.0
E08000001,2020-07-20,6.0
E08000002,2020-07-20,1.0
E08000003,2020-07-20,5.0
E08000004,2020-07-20,21.0
E08000005,2020-07-20,8.0
E08000006,2020-07-20,6.0
E08000007,2020-07-20,1.0
E08000008,2020-07-20,0.0
E08000009,2020-07-20,5.0
E08000010,2020-07-20,1.0
E08000011,2020-07-20,0.0
E08000012,2020-07-20,3.0
E08000013,2020-07-20,0.0
E08000014,2020-07-20,0.0
E08000015,2020-07-20,4.0
E08000032,2020-07-20,36.0
E08000033,2020-07-20,0.0
E08000034,2020-07-20,9.0
E06000006,2020-07-21,1.0
E06000007,2020-07-21,2.0
E06000008,2020-07-21,22.0
E06000009,2020-07-21,1.0
E06000049,2020-07-21,0.0
E06000050,2020-07-21,4.0
E07000027,2020-07-21,0.0
E07000029,2020-07-21,0.0
E07000031,2020-07-21,0.0
E07000037,2020-07-21,1.0
E07000117,2020-07-21,0.0
E07000118,2020-07-21,1.0
E07000119,2020-07-21,0.0
E07000120,2020-07-21,3.0
E07000121,2020-07-21,0.0
E07000122,2020-07-21,3.0
E07000123,2020-07-21,4.0
E07000124,2020-07-21,0.0
E07000125,2020-07-21,3.0
E07000126,2020-07-21,0.0
E07000127,2020-07-21,0.0
E07000128,2020-07-21,1.0
E07000163,2020-07-21,0.0
E07000165,2020-07-21,2.0
E07000166,2020-07-21,0.0
E08000001,2020-07-21,6.0
E08000002,2020-07-21,4.0
E08000003,2020-07-21,14.0
E08000004,2020-07-21,16.0
E08000005,2020-07-21,12.0
E08000006,2020-07-21,5.0
E08000007,2020-07-21,3.0
E08000008,2020-07-21,5.0
E08000009,2020-07-21,12.0
E08000010,2020-07-21,1.0
E08000011,2020-07-21,0.0
E08000012,2020-07-21,3.0
E08000013,2020-07-21,1.0
E08000014,2020-07-21,2.0
E08000015,2020-07-21,3.0
E08000032,2020-07-21,52.0
E08000033,2020-07-21,5.0
E08000034,2020-07-21,14.0
E06000006,2020-07-22,0.0
E06000007,2020-07-22,2.0
E06000008,2020-07-22,16.0
E06000009,2020-07-22,2.0
E06000049,2020-07-22,1.0
E06000050,2020-07-22,2.0
E07000027,2020-07-22,1.0
E07000029,2020-07-22,1.0
E07000031,2020-07-22,0.0
E07000037,2020-07-22,2.0
E07000117,2020-07-22,3.0
E07000118,2020-07-22,1.0
E07000119,2020-07-22,1.0
E07000120,2020-07-22,15.0
E07000121,2020-07-22,1.0
E07000122,2020-07-22,11.0
E07000123,2020-07-22,1.0
E07000124,2020-07-22,1.0
E07000125,2020-07-22,1.0
E07000126,2020-07-22,1.0
E07000127,2020-07-22,7.0
E07000128,2020-07-22,1.0
E07000163,2020-07-22,0.0
E07000165,2020-07-22,0.0
E07000166,2020-07-22,0.0
E08000001,2020-07-22,4.0
E08000002,2020-07-22,1.0
E08000003,2020-07-22,13.0
E08000004,2020-07-22,17.0
E08000005,2020-07-22,13.0
E08000006,2020-07-22,6.0
E08000007,2020-07-22,2.0
E08000008,2020-07-22,6.0
E08000009,2020-07-22,19.0
E08000010,2020-07-22,3.0
E08000011,2020-07-22,1.0
E08000012,2020-07-22,7.0
E08000013,2020-07-22,1.0
E08000014,2020-07-22,3.0
E08000015,2020-07-22,2.0
E08000032,2020-07-22,27.0
E08000033,2020-07-22,9.0
E08000034,2020-07-22,15.0
E06000006,2020-07-23,1.0
E06000007,2020-07-23,1.0
E06000008,2020-07-23,23.0
E06000009,2020-07-23,3.0
E06000049,2020-07-23,1.0
E06000050,2020-07-23,3.0
E07000027,2020-07-23,0.0
E07000029,2020-07-23,0.0
E07000031,2020-07-23,4.0
E07000037,2020-07-23,3.0
E07000117,2020-07-23,0.0
E07000118,2020-07-23,0.0
E07000119,2020-07-23,1.0
E07000120,2020-07-23,3.0
E07000121,2020-07-23,0.0
E07000122,2020-07-23,7.0
E07000123,2020-07-23,4.0
E07000124,2020-07-23,2.0
E07000125,2020-07-23,1.0
E07000126,2020-07-23,1.0
E07000127,2020-07-23,1.0
E07000128,2020-07-23,0.0
E07000163,2020-07-23,1.0
E07000165,2020-07-23,2.0
E07000166,2020-07-23,0.0
E08000001,2020-07-23,9.0
E08000002,2020-07-23,2.0
E08000003,2020-07-23,23.0
E08000004,2020-07-23,22.0
E08000005,2020-07-23,13.0
E08000006,2020-07-23,7.0
E08000007,2020-07-23,9.0
E08000008,2020-07-23,3.0
E08000009,2020-07-23,19.0
E08000010,2020-07-23,5.0
E08000011,2020-07-23,2.0
E08000012,2020-07-23,4.0
E08000013,2020-07-23,1.0
E08000014,2020-07-23,3.0
E08000015,2020-07-23,2.0
E08000032,2020-07-23,27.0
E08000033,2020-07-23,14.0
E08000034,2020-07-23,12.0
E06000006,2020-07-24,0.0
E06000007,2020-07-24,0.0
E06000008,2020-07-24,19.0
E06000009,2020-07-24,1.0
E06000049,2020-07-24,4.0
E06000050,2020-07-24,6.0
E07000027,2020-07-24,0.0
E07000029,2020-07-24,3.0
E07000031,2020-07-24,1.0
E07000037,2020-07-24,2.0
E07000117,2020-07-24,5.0
E07000118,2020-07-24,1.0
E07000119,2020-07-24,0.0
E07000120,2020-07-24,1.0
E07000121,2020-07-24,0.0
E07000122,2020-07-24,3.0
E07000123,2020-07-24,2.0
E07000124,2020-07-24,0.0
E07000125,2020-07-24,0.0
E07000126,2020-07-24,1.0
E07000127,2020-07-24,5.0
E07000128,2020-07-24,1.0
E07000163,2020-07-24,0.0
E07000165,2020-07-24,3.0
E07000166,2020-07-24,0.0
E08000001,2020-07-24,8.0
E08000002,2020-07-24,6.0
E08000003,2020-07-24,29.0
E08000004,2020-07-24,12.0
E08000005,2020-07-24,12.0
E08000006,2020-07-24,10.0
E08000007,2020-07-24,11.0
E08000008,2020-07-24,13.0
E08000009,2020-07-24,15.0
E08000010,2020-07-24,8.0
E08000011,2020-07-24,0.0
E08000012,2020-07-24,6.0
E08000013,2020-07-24,2.0
E08000014,2020-07-24,3.0
E08000015,2020-07-24,3.0
E08000032,2020-07-24,39.0
E08000033,2020-07-24,8.0
E08000034,2020-07-24,19.0
E06000006,2020-07-25,1.0
E06000007,2020-07-25,1.0
E06000008,2020-07-25,16.0
E06000009,2020-07-25,1.0
E06000049,2020-07-25,1.0
E06000050,2020-07-25,4.0
E07000027,2020-07-25,0.0
E07000029,2020-07-25,1.0
E07000031,2020-07-25,1.0
E07000037,2020-07-25,6.0
E07000117,2020-07-25,1.0
E07000118,2020-07-25,0.0
E07000119,2020-07-25,0.0
E07000120,2020-07-25,1.0
E07000121,2020-07-25,3.0
E07000122,2020-07-25,3.0
E07000123,2020-07-25,7.0
E07000124,2020-07-25,0.0
E07000125,2020-07-25,0.0
E07000126,2020-07-25,0.0
E07000127,2020-07-25,1.0
E07000128,2020-07-25,0.0
E07000163,2020-07-25,2.0
E07000165,2020-07-25,3.0
E07000166,2020-07-25,0.0
E08000001,2020-07-25,4.0
E08000002,2020-07-25,4.0
E08000003,2020-07-25,21.0
E08000004,2020-07-25,25.0
E08000005,2020-07-25,9.0
E08000006,2020-07-25,11.0
E08000007,2020-07-25,9.0
E08000008,2020-07-25,7.0
E08000009,2020-07-25,5.0
E08000010,2020-07-25,2.0
E08000011,2020-07-25,1.0
E08000012,2020-07-25,5.0
E08000013,2020-07-25,0.0
E08000014,2020-07-25,5.0
E08000015,2020-07-25,1.0
E08000032,2020-07-25,45.0
E08000033,2020-07-25,11.0
E08000034,2020-07-25,9.0
E06000006,2020-07-26,0.0
E06000007,2020-07-26,1.0
E06000008,2020-07-26,14.0
E06000009,2020-07-26,0.0
E06000049,2020-07-26,0.0
E06000050,2020-07-26,2.0
E07000027,2020-07-26,0.0
E07000029,2020-07-26,0.0
E07000031,2020-07-26,0.0
E07000037,2020-07-26,1.0
E07000117,2020-07-26,4.0
E07000118,2020-07-26,1.0
E07000119,2020-07-26,0.0
E07000120,2020-07-26,2.0
E07000121,2020-07-26,0.0
E07000122,2020-07-26,3.0
E07000123,2020-07-26,11.0
E07000124,2020-07-26,1.0
E07000125,2020-07-26,0.0
E07000126,2020-07-26,0.0
E07000127,2020-07-26,5.0
E07000128,2020-07-26,1.0
E07000163,2020-07-26,0.0
E07000165,2020-07-26,1.0
E07000166,2020-07-26,0.0
E08000001,2020-07-26,3.0
E08000002,2020-07-26,7.0
E08000003,2020-07-26,24.0
E08000004,2020-07-26,18.0
E08000005,2020-07-26,12.0
E08000006,2020-07-26,7.0
E08000007,2020-07-26,11.0
E08000008,2020-07-26,4.0
E08000009,2020-07-26,13.0
E08000010,2020-07-26,5.0
E08000011,2020-07-26,1.0
E08000012,2020-07-26,8.0
E08000013,2020-07-26,0.0
E08000014,2020-07-26,3.0
E08000015,2020-07-26,1.0
E08000032,2020-07-26,34.0
E08000033,2020-07-26,7.0
E08000034,2020-07-26,12.0
E06000006,2020-07-27,0.0
E06000007,2020-07-27,2.0
E06000008,2020-07-27,31.0
E06000009,2020-07-27,1.0
E06000049,2020-07-27,3.0
E06000050,2020-07-27,4.0
E07000027,2020-07-27,0.0
E07000029,2020-07-27,1.0
E07000031,2020-07-27,1.0
E07000037,2020-07-27,0.0
E07000117,2020-07-27,2.0
E07000118,2020-07-27,1.0
E07000119,2020-07-27,2.0
E07000120,2020-07-27,3.0
E07000121,2020-07-27,1.0
E07000122,2020-07-27,2.0
E07000123,2020-07-27,3.0
E07000124,2020-07-27,0.0
E07000125,2020-07-27,0.0
E07000126,2020-07-27,0.0
E07000127,2020-07-27,0.0
E07000128,2020-07-27,0.0
E07000163,2020-07-27,0.0
E07000165,2020-07-27,2.0
E07000166,2020-07-27,0.0
E08000001,2020-07-27,8.0
E08000002,2020-07-27,5.0
E08000003,2020-07-27,19.0
E08000004,2020-07-27,19.0
E08000005,2020-07-27,3.0
E08000006,2020-07-27,5.0
E08000007,2020-07-27,5.0
E08000008,2020-07-27,3.0
E08000009,2020-07-27,15.0
E08000010,2020-07-27,1.0
E08000011,2020-07-27,1.0
E08000012,2020-07-27,5.0
E08000013,2020-07-27,0.0
E08000014,2020-07-27,1.0
E08000015,2020-07-27,1.0
E08000032,2020-07-27,46.0
E08000033,2020-07-27,17.0
E08000034,2020-07-27,14.0
E06000006,2020-07-28,0.0
E06000007,2020-07-28,0.0
E06000008,2020-07-28,7.0
E06000009,2020-07-28,2.0
E06000049,2020-07-28,3.0
E06000050,2020-07-28,3.0
E07000027,2020-07-28,0.0
E07000029,2020-07-28,0.0
E07000031,2020-07-28,5.0
E07000037,2020-07-28,2.0
E07000117,2020-07-28,3.0
E07000118,2020-07-28,0.0
E07000119,2020-07-28,0.0
E07000120,2020-07-28,0.0
E07000121,2020-07-28,1.0
E07000122,2020-07-28,10.0
E07000123,2020-07-28,1.0
E07000124,2020-07-28,0.0
E07000125,2020-07-28,2.0
E07000126,2020-07-28,1.0
E07000127,2020-07-28,2.0
E07000128,2020-07-28,0.0
E07000163,2020-07-28,0.0
E07000165,2020-07-28,1.0
E07000166,2020-07-28,1.0
E08000001,2020-07-28,11.0
E08000002,2020-07-28,7.0
E08000003,2020-07-28,26.0
E08000004,2020-07-28,13.0
E08000005,2020-07-28,11.0
E08000006,2020-07-28,7.0
E08000007,2020-07-28,6.0
E08000008,2020-07-28,5.0
E08000009,2020-07-28,16.0
E08000010,2020-07-28,2.0
E08000011,2020-07-28,0.0
E08000012,2020-07-28,15.0
E08000013,2020-07-28,0.0
E08000014,2020-07-28,0.0
E08000015,2020-07-28,0.0
E08000032,2020-07-28,42.0
E08000033,2020-07-28,12.0
E08000034,2020-07-28,18.0
E06000006,2020-07-29,0.0
E06000007,2020-07-29,1.0
E06000008,2020-07-29,28.0
E06000009,2020-07-29,0.0
E06000049,2020-07-29,3.0
E06000050,2020-07-29,1.0
E07000027,2020-07-29,1.0
E07000029,2020-07-29,0.0
E07000031,2020-07-29,1.0
E07000037,2020-07-29,0.0
E07000117,2020-07-29,3.0
E07000118,2020-07-29,2.0
E07000119,2020-07-29,0.0
E07000120,2020-07-29,2.0
E07000121,2020-07-29,0.0
E07000122,2020-07-29,2.0
E07000123,2020-07-29,4.0
E07000124,2020-07-29,0.0
E07000125,2020-07-29,2.0
E07000126,2020-07-29,0.0
E07000127,2020-07-29,4.0
E07000128,2020-07-29,0.0
E07000163,2020-07-29,0.0
E07000165,2020-07-29,0.0
E07000166,2020-07-29,1.0
E08000001,2020-07-29,10.0
E08000002,2020-07-29,1.0
E08000003,2020-07-29,24.0
E08000004,2020-07-29,25.0
E08000005,2020-07-29,8.0
E08000006,2020-07-29,10.0
E08000007,2020-07-29,9.0
E08000008,2020-07-29,9.0
E08000009,2020-07-29,11.0
E08000010,2020-07-29,3.0
E08000011,2020-07-29,2.0
E08000012,2020-07-29,3.0
E08000013,2020-07-29,1.0
E08000014,2020-07-29,4.0
E08000015,2020-07-29,1.0
E08000032,2020-07-29,37.0
E08000033,2020-07-29,14.0
E08000034,2020-07-29,9.0
E06000006,2020-07-30,2.0
E06000007,2020-07-30,1.0
E06000008,2020-07-30,7.0
E06000009,2020-07-30,3.0
E06000049,2020-07-30,2.0
E06000050,2020-07-30,5.0
E07000027,2020-07-30,0.0
E07000029,2020-07-30,1.0
E07000031,2020-07-30,2.0
E07000037,2020-07-30,5.0
E07000117,2020-07-30,3.0
E07000118,2020-07-30,0.0
E07000119,2020-07-30,1.0
E07000120,2020-07-30,1.0
E07000121,2020-07-30,0.0
E07000122,2020-07-30,5.0
E07000123,2020-07-30,13.0
E07000124,2020-07-30,0.0
E07000125,2020-07-30,2.0
E07000126,2020-07-30,3.0
E07000127,2020-07-30,1.0
E07000128,2020-07-30,0.0
E07000163,2020-07-30,0.0
E07000165,2020-07-30,5.0
E07000166,2020-07-30,0.0
E08000001,2020-07-30,7.0
E08000002,2020-07-30,0.0
E08000003,2020-07-30,33.0
E08000004,2020-07-30,20.0
E08000005,2020-07-30,11.0
E08000006,2020-07-30,8.0
E08000007,2020-07-30,10.0
E08000008,2020-07-30,10.0
E08000009,2020-07-30,12.0
E08000010,2020-07-30,2.0
E08000011,2020-07-30,2.0
E08000012,2020-07-30,19.0
E08000013,2020-07-30,0.0
E08000014,2020-07-30,1.0
E08000015,2020-07-30,5.0
E08000032,2020-07-30,56.0
E08000033,2020-07-30,15.0
E08000034,2020-07-30,11.0
E06000006,2020-07-31,2.0
E06000007,2020-07-31,0.0
E06000008,2020-07-31,17.0
E06000009,2020-07-31,0.0
E06000049,2020-07-31,8.0
E06000050,2020-07-31,2.0
E07000027,2020-07-31,0.0
E07000029,2020-07-31,0.0
E07000031,2020-07-31,0.0
E07000037,2020-07-31,0.0
E07000117,2020-07-31,4.0
E07000118,2020-07-31,1.0
E07000119,2020-07-31,1.0
E07000120,2020-07-31,4.0
E07000121,2020-07-31,0.0
E07000122,2020-07-31,18.0
E07000123,2020-07-31,12.0
E07000124,2020-07-31,1.0
E07000125,2020-07-31,0.0
E07000126,2020-07-31,0.0
E07000127,2020-07-31,2.0
E07000128,2020-07-31,0.0
E07000163,2020-07-31,0.0
E07000165,2020-07-31,1.0
E07000166,2020-07-31,0.0
E08000001,2020-07-31,8.0
E08000002,2020-07-31,2.0
E08000003,2020-07-31,35.0
E08000004,2020-07-31,26.0
E08000005,2020-07-31,6.0
E08000006,2020-07-31,10.0
E08000007,2020-07-31,22.0
E08000008,2020-07-31,24.0
E08000009,2020-07-31,15.0
E08000010,2020-07-31,2.0
E08000011,2020-07-31,3.0
E08000012,2020-07-31,9.0
E08000013,2020-07-31,2.0
E08000014,2020-07-31,1.0
E08000015,2020-07-31,2.0
E08000032,2020-07-31,46.0
E08000033,2020-07-31,12.0
E08000034,2020-07-31,19.0
E06000006,2020-08-01,1.0
E06000007,2020-08-01,0.0
E06000008,2020-08-01,17.0
E06000009,2020-08-01,1.0
E06000049,2020-08-01,6.0
E06000050,2020-08-01,4.0
E07000027,2020-08-01,1.0
E07000029,2020-08-01,2.0
E07000031,2020-08-01,1.0
E07000037,2020-08-01,2.0
E07000117,2020-08-01,2.0
E07000118,2020-08-01,3.0
E07000119,2020-08-01,4.0
E07000120,2020-08-01,3.0
E07000121,2020-08-01,0.0
E07000122,2020-08-01,4.0
E07000123,2020-08-01,1.0
E07000124,2020-08-01,0.0
E07000125,2020-08-01,0.0
E07000126,2020-08-01,1.0
E07000127,2020-08-01,2.0
E07000128,2020-08-01,1.0
E07000163,2020-08-01,0.0
E07000165,2020-08-01,1.0
E07000166,2020-08-01,1.0
E08000001,2020-08-01,8.0
E08000002,2020-08-01,13.0
E08000003,2020-08-01,23.0
E08000004,2020-08-01,13.0
E08000005,2020-08-01,13.0
E08000006,2020-08-01,14.0
E08000007,2020-08-01,6.0
E08000008,2020-08-01,2.0
E08000009,2020-08-01,3.0
E08000010,2020-08-01,5.0
E08000011,2020-08-01,0.0
E08000012,2020-08-01,5.0
E08000013,2020-08-01,1.0
E08000014,2020-08-01,1.0
E08000015,2020-08-01,4.0
E08000032,2020-08-01,9.0
E08000033,2020-08-01,7.0
E08000034,2020-08-01,18.0
E06000006,2020-08-02,0.0
E06000007,2020-08-02,1.0
E06000008,2020-08-02,27.0
E06000009,2020-08-02,1.0
E06000049,2020-08-02,2.0
E06000050,2020-08-02,3.0
E07000027,2020-08-02,0.0
E07000029,2020-08-02,0.0
E07000031,2020-08-02,1.0
E07000037,2020-08-02,0.0
E07000117,2020-08-02,5.0
E07000118,2020-08-02,1.0
E07000119,2020-08-02,1.0
E07000120,2020-08-02,4.0
E07000121,2020-08-02,0.0
E07000122,2020-08-02,4.0
E07000123,2020-08-02,6.0
E07000124,2020-08-02,1.0
E07000125,2020-08-02,1.0
E07000126,2020-08-02,1.0
E07000127,2020-08-02,1.0
E07000128,2020-08-02,0.0
E07000163,2020-08-02,0.0
E07000165,2020-08-02,1.0
E07000166,2020-08-02,0.0
E08000001,2020-08-02,10.0
E08000002,2020-08-02,7.0
E08000003,2020-08-02,29.0
E08000004,2020-08-02,20.0
E08000005,2020-08-02,17.0
E08000006,2020-08-02,12.0
E08000007,2020-08-02,16.0
E08000008,2020-08-02,4.0
E08000009,2020-08-02,4.0
E08000010,2020-08-02,8.0
E08000011,2020-08-02,4.0
E08000012,2020-08-02,13.0
E08000013,2020-08-02,2.0
E08000014,2020-08-02,2.0
E08000015,2020-08-02,2.0
E08000032,2020-08-02,54.0
E08000033,2020-08-02,7.0
E08000034,2020-08-02,14.0
E06000006,2020-08-03,2.0
E06000007,2020-08-03,0.0
E06000008,2020-08-03,16.0
E06000009,2020-08-03,3.0
E06000049,2020-08-03,5.0
E06000050,2020-08-03,6.0
E07000027,2020-08-03,0.0
E07000029,2020-08-03,0.0
E07000031,2020-08-03,5.0
E07000037,2020-08-03,2.0
E07000117,2020-08-03,13.0
E07000118,2020-08-03,1.0
E07000119,2020-08-03,2.0
E07000120,2020-08-03,3.0
E07000121,2020-08-03,4.0
E07000122,2020-08-03,29.0
E07000123,2020-08-03,4.0
E07000124,2020-08-03,1.0
E07000125,2020-08-03,0.0
E07000126,2020-08-03,6.0
E07000127,2020-08-03,6.0
E07000128,2020-08-03,2.0
E07000163,2020-08-03,0.0
E07000165,2020-08-03,0.0
E07000166,2020-08-03,0.0
E08000001,2020-08-03,19.0
E08000002,2020-08-03,5.0
E08000003,2020-08-03,26.0
E08000004,2020-08-03,31.0
E08000005,2020-08-03,9.0
E08000006,2020-08-03,12.0
E08000007,2020-08-03,5.0
E08000008,2020-08-03,8.0
E08000009,2020-08-03,8.0
E08000010,2020-08-03,2.0
E08000011,2020-08-03,3.0
E08000012,2020-08-03,10.0
E08000013,2020-08-03,1.0
E08000014,2020-08-03,2.0
E08000015,2020-08-03,2.0
E08000032,2020-08-03,39.0
E08000033,2020-08-03,33.0
E08000034,2020-08-03,26.0
E06000006,2020-08-04,4.0
E06000007,2020-08-04,2.0
E06000008,2020-08-04,18.0
E06000009,2020-08-04,3.0
E06000049,2020-08-04,5.0
E06000050,2020-08-04,1.0
E07000027,2020-08-04,0.0
E07000029,2020-08-04,1.0
E07000031,2020-08-04,0.0
E07000037,2020-08-04,3.0
E07000117,2020-08-04,4.0
E07000118,2020-08-04,0.0
E07000119,2020-08-04,1.0
E07000120,2020-08-04,4.0
E07000121,2020-08-04,0.0
E07000122,2020-08-04,14.0
E07000123,2020-08-04,8.0
E07000124,2020-08-04,1.0
E07000125,2020-08-04,0.0
E07000126,2020-08-04,4.0
E07000127,2020-08-04,2.0
E07000128,2020-08-04,0.0
E07000163,2020-08-04,0.0
E07000165,2020-08-04,1.0
E07000166,2020-08-04,0.0
E08000001,2020-08-04,11.0
E08000002,2020-08-04,14.0
E08000003,2020-08-04,25.0
E08000004,2020-08-04,37.0
E08000005,2020-08-04,14.0
E08000006,2020-08-04,10.0
E08000007,2020-08-04,6.0
E08000008,2020-08-04,12.0
E08000009,2020-08-04,5.0
E08000010,2020-08-04,2.0
E08000011,2020-08-04,7.0
E08000012,2020-08-04,10.0
E08000013,2020-08-04,1.0
E08000014,2020-08-04,5.0
E08000015,2020-08-04,2.0
E08000032,2020-08-04,46.0
E08000033,2020-08-04,11.0
E08000034,2020-08-04,17.0
E06000006,2020-08-05,2.0
E06000007,2020-08-05,6.0
E06000008,2020-08-05,13.0
E06000009,2020-08-05,1.0
E06000049,2020-08-05,4.0
E06000050,2020-08-05,2.0
E07000027,2020-08-05,0.0
E07000029,2020-08-05,1.0
E07000031,2020-08-05,1.0
E07000037,2020-08-05,0.0
E07000117,2020-08-05,6.0
E07000118,2020-08-05,3.0
E07000119,2020-08-05,1.0
E07000120,2020-08-05,6.0
E07000121,2020-08-05,3.0
E07000122,2020-08-05,17.0
E07000123,2020-08-05,16.0
E07000124,2020-08-05,2.0
E07000125,2020-08-05,0.0
E07000126,2020-08-05,1.0
E07000127,2020-08-05,3.0
E07000128,2020-08-05,1.0
E07000163,2020-08-05,0.0
E07000165,2020-08-05,0.0
E07000166,2020-08-05,0.0
E08000001,2020-08-05,13.0
E08000002,2020-08-05,15.0
E08000003,2020-08-05,31.0
E08000004,2020-08-05,27.0
E08000005,2020-08-05,11.0
E08000006,2020-08-05,11.0
E08000007,2020-08-05,15.0
E08000008,2020-08-05,16.0
E08000009,2020-08-05,13.0
E08000010,2020-08-05,4.0
E08000011,2020-08-05,2.0
E08000012,2020-08-05,7.0
E08000013,2020-08-05,9.0
E08000014,2020-08-05,2.0
E08000015,2020-08-05,1.0
E08000032,2020-08-05,46.0
E08000033,2020-08-05,10.0
E08000034,2020-08-05,10.0
E06000006,2020-08-06,1.0
E06000007,2020-08-06,3.0
E06000008,2020-08-06,11.0
E06000009,2020-08-06,3.0
E06000049,2020-08-06,5.0
E06000050,2020-08-06,2.0
E07000027,2020-08-06,0.0
E07000029,2020-08-06,1.0
E07000031,2020-08-06,2.0
E07000037,2020-08-06,4.0
E07000117,2020-08-06,2.0
E07000118,2020-08-06,0.0
E07000119,2020-08-06,0.0
E07000120,2020-08-06,2.0
E07000121,2020-08-06,1.0
E07000122,2020-08-06,17.0
E07000123,2020-08-06,11.0
E07000124,2020-08-06,0.0
E07000125,2020-08-06,0.0
E07000126,2020-08-06,2.0
E07000127,2020-08-06,0.0
E07000128,2020-08-06,1.0
E07000163,2020-08-06,0.0
E07000165,2020-08-06,3.0
E07000166,2020-08-06,1.0
E08000001,2020-08-06,8.0
E08000002,2020-08-06,3.0
E08000003,2020-08-06,23.0
E08000004,2020-08-06,31.0
E08000005,2020-08-06,9.0
E08000006,2020-08-06,5.0
E08000007,2020-08-06,8.0
E08000008,2020-08-06,11.0
E08000009,2020-08-06,4.0
E08000010,2020-08-06,4.0
E08000011,2020-08-06,1.0
E08000012,2020-08-06,11.0
E08000013,2020-08-06,4.0
E08000014,2020-08-06,4.0
E08000015,2020-08-06,2.0
E08000032,2020-08-06,50.0
E08000033,2020-08-06,12.0
E08000034,2020-08-06,29.0
E06000006,2020-08-07,2.0
E06000007,2020-08-07,4.0
E06000008,2020-08-07,16.0
E06000009,2020-08-07,4.0
E06000049,2020-08-07,2.0
E06000050,2020-08-07,7.0
E07000027,2020-08-07,0.0
E07000029,2020-08-07,0.0
E07000031,2020-08-07,0.0
E07000037,2020-08-07,1.0
E07000117,2020-08-07,10.0
E07000118,2020-08-07,4.0
E07000119,2020-08-07,0.0
E07000120,2020-08-07,2.0
E07000121,2020-08-07,1.0
E07000122,2020-08-07,11.0
E07000123,2020-08-07,7.0
E07000124,2020-08-07,1.0
E07000125,2020-08-07,2.0
E07000126,2020-08-07,2.0
E07000127,2020-08-07,1.0
E07000128,2020-08-07,1.0
E07000163,2020-08-07,0.0
E07000165,2020-08-07,0.0
E07000166,2020-08-07,1.0
E08000001,2020-08-07,11.0
E08000002,2020-08-07,6.0
E08000003,2020-08-07,42.0
E08000004,2020-08-07,28.0
E08000005,2020-08-07,12.0
E08000006,2020-08-07,17.0
E08000007,2020-08-07,16.0
E08000008,2020-08-07,16.0
E08000009,2020-08-07,10.0
E08000010,2020-08-07,4.0
E08000011,2020-08-07,4.0
E08000012,2020-08-07,4.0
E08000013,2020-08-07,1.0
E08000014,2020-08-07,0.0
E08000015,2020-08-07,2.0
E08000032,2020-08-07,47.0
E08000033,2020-08-07,10.0
E08000034,2020-08-07,19.0
E06000006,2020-08-08,1.0
E06000007,2020-08-08,10.0
E06000008,2020-08-08,20.0
E06000009,2020-08-08,1.0
E06000049,2020-08-08,3.0
E06000050,2020-08-08,2.0
E07000027,2020-08-08,0.0
E07000029,2020-08-08,4.0
E07000031,2020-08-08,0.0
E07000037,2020-08-08,0.0
E07000117,2020-08-08,2.0
E07000118,2020-08-08,0.0
E07000119,2020-08-08,1.0
E07000120,2020-08-08,2.0
E07000121,2020-08-08,0.0
E07000122,2020-08-08,11.0
E07000123,2020-08-08,8.0
E07000124,2020-08-08,1.0
E07000125,2020-08-08,2.0
E07000126,2020-08-08,1.0
E07000127,2020-08-08,0.0
E07000128,2020-08-08,1.0
E07000163,2020-08-08,1.0
E07000165,2020-08-08,0.0
E07000166,2020-08-08,1.0
E08000001,2020-08-08,10.0
E08000002,2020-08-08,2.0
E08000003,2020-08-08,21.0
E08000004,2020-08-08,26.0
E08000005,2020-08-08,19.0
E08000006,2020-08-08,5.0
E08000007,2020-08-08,16.0
E08000008,2020-08-08,16.0
E08000009,2020-08-08,5.0
E08000010,2020-08-08,2.0
E08000011,2020-08-08,2.0
E08000012,2020-08-08,8.0
E08000013,2020-08-08,6.0
E08000014,2020-08-08,2.0
E08000015,2020-08-08,2.0
E08000032,2020-08-08,26.0
E08000033,2020-08-08,6.0
E08000034,2020-08-08,6.0
E06000006,2020-08-09,1.0
E06000007,2020-08-09,7.0
E06000008,2020-08-09,9.0
E06000009,2020-08-09,0.0
E06000049,2020-08-09,3.0
E06000050,2020-08-09,4.0
E07000027,2020-08-09,0.0
E07000029,2020-08-09,2.0
E07000031,2020-08-09,0.0
E07000037,2020-08-09,2.0
E07000117,2020-08-09,2.0
E07000118,2020-08-09,0.0
E07000119,2020-08-09,0.0
E07000120,2020-08-09,3.0
E07000121,2020-08-09,0.0
E07000122,2020-08-09,7.0
E07000123,2020-08-09,12.0
E07000124,2020-08-09,0.0
E07000125,2020-08-09,2.0
E07000126,2020-08-09,0.0
E07000127,2020-08-09,4.0
E07000128,2020-08-09,0.0
E07000163,2020-08-09,0.0
E07000165,2020-08-09,1.0
E07000166,2020-08-09,1.0
E08000001,2020-08-09,9.0
E08000002,2020-08-09,5.0
E08000003,2020-08-09,33.0
E08000004,2020-08-09,64.0
E08000005,2020-08-09,18.0
E08000006,2020-08-09,6.0
E08000007,2020-08-09,8.0
E08000008,2020-08-09,6.0
E08000009,2020-08-09,11.0
E08000010,2020-08-09,4.0
E08000011,2020-08-09,3.0
E08000012,2020-08-09,5.0
E08000013,2020-08-09,3.0
E08000014,2020-08-09,4.0
E08000015,2020-08-09,1.0
E08000032,2020-08-09,52.0
E08000033,2020-08-09,12.0
E08000034,2020-08-09,25.0
E06000006,2020-08-10,0.0
E06000007,2020-08-10,6.0
E06000008,2020-08-10,30.0
E06000009,2020-08-10,2.0
E06000049,2020-08-10,3.0
E06000050,2020-08-10,1.0
E07000027,2020-08-10,0.0
E07000029,2020-08-10,0.0
E07000031,2020-08-10,1.0
E07000037,2020-08-10,1.0
E07000117,2020-08-10,24.0
E07000118,2020-08-10,5.0
E07000119,2020-08-10,3.0
E07000120,2020-08-10,4.0
E07000121,2020-08-10,2.0
E07000122,2020-08-10,15.0
E07000123,2020-08-10,6.0
E07000124,2020-08-10,1.0
E07000125,2020-08-10,2.0
E07000126,2020-08-10,0.0
E07000127,2020-08-10,1.0
E07000128,2020-08-10,2.0
E07000163,2020-08-10,0.0
E07000165,2020-08-10,3.0
E07000166,2020-08-10,1.0
E08000001,2020-08-10,21.0
E08000002,2020-08-10,5.0
E08000003,2020-08-10,36.0
E08000004,2020-08-10,45.0
E08000005,2020-08-10,16.0
E08000006,2020-08-10,25.0
E08000007,2020-08-10,6.0
E08000008,2020-08-10,7.0
E08000009,2020-08-10,10.0
E08000010,2020-08-10,4.0
E08000011,2020-08-10,4.0
E08000012,2020-08-10,12.0
E08000013,2020-08-10,2.0
E08000014,2020-08-10,2.0
E08000015,2020-08-10,2.0
E08000032,2020-08-10,48.0
E08000033,2020-08-10,19.0
E08000034,2020-08-10,19.0
E06000006,2020-08-11,3.0
E06000007,2020-08-11,2.0
E06000008,2020-08-11,21.0
E06000009,2020-08-11,1.0
E06000049,2020-08-11,4.0
E06000050,2020-08-11,4.0
E07000027,2020-08-11,0.0
E07000029,2020-08-11,1.0
E07000031,2020-08-11,0.0
E07000037,2020-08-11,1.0
E07000117,2020-08-11,5.0
E07000118,2020-08-11,1.0
E07000119,2020-08-11,0.0
E07000120,2020-08-11,8.0
E07000121,2020-08-11,2.0
E07000122,2020-08-11,16.0
E07000123,2020-08-11,12.0
E07000124,2020-08-11,0.0
E07000125,2020-08-11,1.0
E07000126,2020-08-11,1.0
E07000127,2020-08-11,3.0
E07000128,2020-08-11,0.0
E07000163,2020-08-11,1.0
E07000165,2020-08-11,0.0
E07000166,2020-08-11,1.0
E08000001,2020-08-11,8.0
E08000002,2020-08-11,11.0
E08000003,2020-08-11,56.0
E08000004,2020-08-11,36.0
E08000005,2020-08-11,13.0
E08000006,2020-08-11,17.0
E08000007,2020-08-11,12.0
E08000008,2020-08-11,14.0
E08000009,2020-08-11,13.0
E08000010,2020-08-11,7.0
E08000011,2020-08-11,2.0
E08000012,2020-08-11,12.0
E08000013,2020-08-11,3.0
E08000014,2020-08-11,5.0
E08000015,2020-08-11,3.0
E08000032,2020-08-11,55.0
E08000033,2020-08-11,14.0
E08000034,2020-08-11,38.0
E06000006,2020-08-12,0.0
E06000007,2020-08-12,2.0
E06000008,2020-08-12,31.0
E06000009,2020-08-12,5.0
E06000049,2020-08-12,5.0
E06000050,2020-08-12,0.0
E07000027,2020-08-12,2.0
E07000029,2020-08-12,1.0
E07000031,2020-08-12,2.0
E07000037,2020-08-12,1.0
E07000117,2020-08-12,10.0
E07000118,2020-08-12,1.0
E07000119,2020-08-12,1.0
E07000120,2020-08-12,4.0
E07000121,2020-08-12,1.0
E07000122,2020-08-12,15.0
E07000123,2020-08-12,14.0
E07000124,2020-08-12,0.0
E07000125,2020-08-12,0.0
E07000126,2020-08-12,1.0
E07000127,2020-08-12,2.0
E07000128,2020-08-12,4.0
E07000163,2020-08-12,2.0
E07000165,2020-08-12,2.0
E07000166,2020-08-12,0.0
E08000001,2020-08-12,11.0
E08000002,2020-08-12,9.0
E08000003,2020-08-12,35.0
E08000004,2020-08-12,27.0
E08000005,2020-08-12,17.0
E08000006,2020-08-12,13.0
E08000007,2020-08-12,15.0
E08000008,2020-08-12,10.0
E08000009,2020-08-12,7.0
E08000010,2020-08-12,4.0
E08000011,2020-08-12,0.0
E08000012,2020-08-12,11.0
E08000013,2020-08-12,2.0
E08000014,2020-08-12,5.0
E08000015,2020-08-12,3.0
E08000032,2020-08-12,40.0
E08000033,2020-08-12,13.0
E08000034,2020-08-12,25.0
E06000006,2020-08-13,3.0
E06000007,2020-08-13,2.0
E06000008,2020-08-13,19.0
E06000009,2020-08-13,3.0
E06000049,2020-08-13,10.0
E06000050,2020-08-13,1.0
E07000027,2020-08-13,1.0
E07000029,2020-08-13,1.0
E07000031,2020-08-13,6.0
E07000037,2020-08-13,0.0
E07000117,2020-08-13,0.0
E07000118,2020-08-13,0.0
E07000119,2020-08-13,2.0
E07000120,2020-08-13,10.0
E07000121,2020-08-13,0.0
E07000122,2020-08-13,15.0
E07000123,2020-08-13,4.0
E07000124,2020-08-13,3.0
E07000125,2020-08-13,1.0
E07000126,2020-08-13,1.0
E07000127,2020-08-13,1.0
E07000128,2020-08-13,1.0
E07000163,2020-08-13,2.0
E07000165,2020-08-13,4.0
E07000166,2020-08-13,0.0
E08000001,2020-08-13,18.0
E08000002,2020-08-13,14.0
E08000003,2020-08-13,43.0
E08000004,2020-08-13,35.0
E08000005,2020-08-13,14.0
E08000006,2020-08-13,13.0
E08000007,2020-08-13,7.0
E08000008,2020-08-13,8.0
E08000009,2020-08-13,11.0
E08000010,2020-08-13,11.0
E08000011,2020-08-13,3.0
E08000012,2020-08-13,7.0
E08000013,2020-08-13,1.0
E08000014,2020-08-13,5.0
E08000015,2020-08-13,3.0
E08000032,2020-08-13,41.0
E08000033,2020-08-13,12.0
E08000034,2020-08-13,23.0
E06000006,2020-08-14,3.0
E06000007,2020-08-14,2.0
E06000008,2020-08-14,14.0
E06000009,2020-08-14,3.0
E06000049,2020-08-14,3.0
E06000050,2020-08-14,3.0
E07000027,2020-08-14,0.0
E07000029,2020-08-14,0.0
E07000031,2020-08-14,0.0
E07000037,2020-08-14,0.0
E07000117,2020-08-14,3.0
E07000118,2020-08-14,3.0
E07000119,2020-08-14,2.0
E07000120,2020-08-14,4.0
E07000121,2020-08-14,0.0
E07000122,2020-08-14,5.0
E07000123,2020-08-14,7.0
E07000124,2020-08-14,0.0
E07000125,2020-08-14,0.0
E07000126,2020-08-14,5.0
E07000127,2020-08-14,0.0
E07000128,2020-08-14,2.0
E07000163,2020-08-14,6.0
E07000165,2020-08-14,2.0
E07000166,2020-08-14,0.0
E08000001,2020-08-14,6.0
E08000002,2020-08-14,6.0
E08000003,2020-08-14,24.0
E08000004,2020-08-14,16.0
E08000005,2020-08-14,5.0
E08000006,2020-08-14,6.0
E08000007,2020-08-14,5.0
E08000008,2020-08-14,9.0
E08000009,2020-08-14,9.0
E08000010,2020-08-14,0.0
E08000011,2020-08-14,3.0
E08000012,2020-08-14,7.0
E08000013,2020-08-14,4.0
E08000014,2020-08-14,9.0
E08000015,2020-08-14,3.0
E08000032,2020-08-14,40.0
E08000033,2020-08-14,14.0
E08000034,2020-08-14,24.0
E06000006,2020-08-15,0.0
E06000007,2020-08-15,2.0
E06000008,2020-08-15,7.0
E06000009,2020-08-15,1.0
E06000049,2020-08-15,8.0
E06000050,2020-08-15,2.0
E07000027,2020-08-15,0.0
E07000029,2020-08-15,0.0
E07000031,2020-08-15,0.0
E07000037,2020-08-15,1.0
E07000117,2020-08-15,4.0
E07000118,2020-08-15,2.0
E07000119,2020-08-15,1.0
E07000120,2020-08-15,1.0
E07000121,2020-08-15,0.0
E07000122,2020-08-15,7.0
E07000123,2020-08-15,4.0
E07000124,2020-08-15,1.0
E07000125,2020-08-15,0.0
E07000126,2020-08-15,0.0
E07000127,2020-08-15,1.0
E07000128,2020-08-15,2.0
E07000163,2020-08-15,3.0
E07000165,2020-08-15,2.0
E07000166,2020-08-15,2.0
E08000001,2020-08-15,5.0
E08000002,2020-08-15,9.0
E08000003,2020-08-15,37.0
E08000004,2020-08-15,12.0
E08000005,2020-08-15,10.0
E08000006,2020-08-15,10.0
E08000007,2020-08-15,10.0
E08000008,2020-08-15,7.0
E08000009,2020-08-15,8.0
E08000010,2020-08-15,3.0
E08000011,2020-08-15,0.0
E08000012,2020-08-15,8.0
E08000013,2020-08-15,1.0
E08000014,2020-08-15,2.0
E08000015,2020-08-15,2.0
E08000032,2020-08-15,38.0
E08000033,2020-08-15,7.0
E08000034,2020-08-15,18.0
E06000006,2020-08-16,3.0
E06000007,2020-08-16,1.0
E06000008,2020-08-16,6.0
E06000009,2020-08-16,0.0
E06000049,2020-08-16,5.0
E06000050,2020-08-16,7.0
E07000027,2020-08-16,0.0
E07000029,2020-08-16,0.0
E07000031,2020-08-16,1.0
E07000037,2020-08-16,1.0
E07000117,2020-08-16,1.0
E07000118,2020-08-16,2.0
E07000119,2020-08-16,2.0
E07000120,2020-08-16,2.0
E07000121,2020-08-16,0.0
E07000122,2020-08-16,11.0
E07000123,2020-08-16,5.0
E07000124,2020-08-16,0.0
E07000125,2020-08-16,3.0
E07000126,2020-08-16,2.0
E07000127,2020-08-16,4.0
E07000128,2020-08-16,1.0
E07000163,2020-08-16,0.0
E07000165,2020-08-16,1.0
E07000166,2020-08-16,0.0
E08000001,2020-08-16,5.0
E08000002,2020-08-16,9.0
E08000003,2020-08-16,41.0
E08000004,2020-08-16,39.0
E08000005,2020-08-16,11.0
E08000006,2020-08-16,15.0
E08000007,2020-08-16,5.0
E08000008,2020-08-16,8.0
E08000009,2020-08-16,5.0
E08000010,2020-08-16,2.0
E08000011,2020-08-16,6.0
E08000012,2020-08-16,14.0
E08000013,2020-08-16,4.0
E08000014,2020-08-16,4.0
E08000015,2020-08-16,2.0
E08000032,2020-08-16,36.0
E08000033,2020-08-16,9.0
E08000034,2020-08-16,15.0
E06000006,2020-08-17,1.0
E06000007,2020-08-17,0.0
E06000008,2020-08-17,12.0
E06000009,2020-08-17,2.0
E06000049,2020-08-17,3.0
E06000050,2020-08-17,4.0
E07000027,2020-08-17,0.0
E07000029,2020-08-17,1.0
E07000031,2020-08-17,0.0
E07000037,2020-08-17,3.0
E07000117,2020-08-17,2.0
E07000118,2020-08-17,3.0
E07000119,2020-08-17,1.0
E07000120,2020-08-17,2.0
E07000121,2020-08-17,0.0
E07000122,2020-08-17,7.0
E07000123,2020-08-17,2.0
E07000124,2020-08-17,0.0
E07000125,2020-08-17,0.0
E07000126,2020-08-17,3.0
E07000127,2020-08-17,0.0
E07000128,2020-08-17,2.0
E07000163,2020-08-17,0.0
E07000165,2020-08-17,1.0
E07000166,2020-08-17,0.0
E08000001,2020-08-17,11.0
E08000002,2020-08-17,5.0
E08000003,2020-08-17,31.0
E08000004,2020-08-17,25.0
E08000005,2020-08-17,10.0
E08000006,2020-08-17,8.0
E08000007,2020-08-17,8.0
E08000008,2020-08-17,5.0
E08000009,2020-08-17,3.0
E08000010,2020-08-17,8.0
E08000011,2020-08-17,2.0
E08000012,2020-08-17,4.0
E08000013,2020-08-17,1.0
E08000014,2020-08-17,5.0
E08000015,2020-08-17,3.0
E08000032,2020-08-17,28.0
E08000033,2020-08-17,9.0
E08000034,2020-08-17,24.0
E06000006,2020-08-18,1.0
E06000007,2020-08-18,1.0
E06000008,2020-08-18,11.0
E06000009,2020-08-18,2.0
E06000049,2020-08-18,6.0
E06000050,2020-08-18,3.0
E07000027,2020-08-18,0.0
E07000029,2020-08-18,0.0
E07000031,2020-08-18,0.0
E07000037,2020-08-18,0.0
E07000117,2020-08-18,2.0
E07000118,2020-08-18,1.0
E07000119,2020-08-18,0.0
E07000120,2020-08-18,1.0
E07000121,2020-08-18,0.0
E07000122,2020-08-18,12.0
E07000123,2020-08-18,5.0
E07000124,2020-08-18,1.0
E07000125,2020-08-18,2.0
E07000126,2020-08-18,2.0
E07000127,2020-08-18,1.0
E07000128,2020-08-18,0.0
E07000163,2020-08-18,5.0
E07000165,2020-08-18,1.0
E07000166,2020-08-18,1.0
E08000001,2020-08-18,8.0
E08000002,2020-08-18,10.0
E08000003,2020-08-18,33.0
E08000004,2020-08-18,27.0
E08000005,2020-08-18,33.0
E08000006,2020-08-18,18.0
E08000007,2020-08-18,6.0
E08000008,2020-08-18,10.0
E08000009,2020-08-18,7.0
E08000010,2020-08-18,5.0
E08000011,2020-08-18,0.0
E08000012,2020-08-18,16.0
E08000013,2020-08-18,7.0
E08000014,2020-08-18,5.0
E08000015,2020-08-18,2.0
E08000032,2020-08-18,32.0
E08000033,2020-08-18,11.0
E08000034,2020-08-18,18.0
E06000006,2020-08-19,0.0
E06000007,2020-08-19,2.0
E06000008,2020-08-19,14.0
E06000009,2020-08-19,0.0
E06000049,2020-08-19,6.0
E06000050,2020-08-19,2.0
E07000027,2020-08-19,2.0
E07000029,2020-08-19,0.0
E07000031,2020-08-19,1.0
E07000037,2020-08-19,2.0
E07000117,2020-08-19,3.0
E07000118,2020-08-19,2.0
E07000119,2020-08-19,0.0
E07000120,2020-08-19,3.0
E07000121,2020-08-19,1.0
E07000122,2020-08-19,12.0
E07000123,2020-08-19,5.0
E07000124,2020-08-19,2.0
E07000125,2020-08-19,1.0
E07000126,2020-08-19,0.0
E07000127,2020-08-19,0.0
E07000128,2020-08-19,4.0
E07000163,2020-08-19,1.0
E07000165,2020-08-19,6.0
E07000166,2020-08-19,1.0
E08000001,2020-08-19,4.0
E08000002,2020-08-19,8.0
E08000003,2020-08-19,40.0
E08000004,2020-08-19,28.0
E08000005,2020-08-19,10.0
E08000006,2020-08-19,16.0
E08000007,2020-08-19,7.0
E08000008,2020-08-19,10.0
E08000009,2020-08-19,2.0
E08000010,2020-08-19,5.0
E08000011,2020-08-19,2.0
E08000012,2020-08-19,20.0
E08000013,2020-08-19,3.0
E08000014,2020-08-19,3.0
E08000015,2020-08-19,1.0
E08000032,2020-08-19,38.0
E08000033,2020-08-19,10.0
E08000034,2020-08-19,21.0
E06000006,2020-08-20,2.0
E06000007,2020-08-20,0.0
E06000008,2020-08-20,11.0
E06000009,2020-08-20,0.0
E06000049,2020-08-20,1.0
E06000050,2020-08-20,4.0
E07000027,2020-08-20,0.0
E07000029,2020-08-20,1.0
E07000031,2020-08-20,1.0
E07000037,2020-08-20,0.0
E07000117,2020-08-20,4.0
E07000118,2020-08-20,4.0
E07000119,2020-08-20,0.0
E07000120,2020-08-20,3.0
E07000121,2020-08-20,1.0
E07000122,2020-08-20,4.0
E07000123,2020-08-20,6.0
E07000124,2020-08-20,2.0
E07000125,2020-08-20,2.0
E07000126,2020-08-20,1.0
E07000127,2020-08-20,4.0
E07000128,2020-08-20,1.0
E07000163,2020-08-20,0.0
E07000165,2020-08-20,2.0
E07000166,2020-08-20,1.0
E08000001,2020-08-20,2.0
E08000002,2020-08-20,14.0
E08000003,2020-08-20,39.0
E08000004,2020-08-20,13.0
E08000005,2020-08-20,16.0
E08000006,2020-08-20,9.0
E08000007,2020-08-20,4.0
E08000008,2020-08-20,9.0
E08000009,2020-08-20,8.0
E08000010,2020-08-20,6.0
E08000011,2020-08-20,1.0
E08000012,2020-08-20,12.0
E08000013,2020-08-20,0.0
E08000014,2020-08-20,4.0
E08000015,2020-08-20,1.0
E08000032,2020-08-20,29.0
E08000033,2020-08-20,11.0
E08000034,2020-08-20,22.0
E06000006,2020-08-21,0.0
E06000007,2020-08-21,1.0
E06000008,2020-08-21,19.0
E06000009,2020-08-21,1.0
E06000049,2020-08-21,4.0
E06000050,2020-08-21,6.0
E07000027,2020-08-21,0.0
E07000029,2020-08-21,1.0
E07000031,2020-08-21,1.0
E07000037,2020-08-21,3.0
E07000117,2020-08-21,3.0
E07000118,2020-08-21,1.0
E07000119,2020-08-21,1.0
E07000120,2020-08-21,2.0
E07000121,2020-08-21,3.0
E07000122,2020-08-21,8.0
E07000123,2020-08-21,3.0
E07000124,2020-08-21,1.0
E07000125,2020-08-21,2.0
E07000126,2020-08-21,1.0
E07000127,2020-08-21,0.0
E07000128,2020-08-21,2.0
E07000163,2020-08-21,0.0
E07000165,2020-08-21,0.0
E07000166,2020-08-21,1.0
E08000001,2020-08-21,5.0
E08000002,2020-08-21,11.0
E08000003,2020-08-21,36.0
E08000004,2020-08-21,19.0
E08000005,2020-08-21,4.0
E08000006,2020-08-21,8.0
E08000007,2020-08-21,8.0
E08000008,2020-08-21,11.0
E08000009,2020-08-21,10.0
E08000010,2020-08-21,7.0
E08000011,2020-08-21,1.0
E08000012,2020-08-21,12.0
E08000013,2020-08-21,1.0
E08000014,2020-08-21,6.0
E08000015,2020-08-21,2.0
E08000032,2020-08-21,44.0
E08000033,2020-08-21,14.0
E08000034,2020-08-21,13.0
E06000006,2020-08-22,1.0
E06000007,2020-08-22,1.0
E06000008,2020-08-22,5.0
E06000009,2020-08-22,5.0
E06000049,2020-08-22,4.0
E06000050,2020-08-22,2.0
E07000027,2020-08-22,0.0
E07000029,2020-08-22,0.0
E07000031,2020-08-22,0.0
E07000037,2020-08-22,0.0
E07000117,2020-08-22,2.0
E07000118,2020-08-22,0.0
E07000119,2020-08-22,2.0
E07000120,2020-08-22,3.0
E07000121,2020-08-22,3.0
E07000122,2020-08-22,5.0
E07000123,2020-08-22,5.0
E07000124,2020-08-22,3.0
E07000125,2020-08-22,0.0
E07000126,2020-08-22,1.0
E07000127,2020-08-22,0.0
E07000128,2020-08-22,0.0
E07000163,2020-08-22,1.0
E07000165,2020-08-22,2.0
E07000166,2020-08-22,0.0
E08000001,2020-08-22,11.0
E08000002,2020-08-22,8.0
E08000003,2020-08-22,28.0
E08000004,2020-08-22,19.0
E08000005,2020-08-22,5.0
E08000006,2020-08-22,6.0
E08000007,2020-08-22,3.0
E08000008,2020-08-22,8.0
E08000009,2020-08-22,7.0
E08000010,2020-08-22,5.0
E08000011,2020-08-22,2.0
E08000012,2020-08-22,10.0
E08000013,2020-08-22,3.0
E08000014,2020-08-22,4.0
E08000015,2020-08-22,4.0
E08000032,2020-08-22,21.0
E08000033,2020-08-22,1.0
E08000034,2020-08-22,11.0
E06000006,2020-08-23,1.0
E06000007,2020-08-23,1.0
E06000008,2020-08-23,9.0
E06000009,2020-08-23,1.0
E06000049,2020-08-23,6.0
E06000050,2020-08-23,6.0
E07000027,2020-08-23,0.0
E07000029,2020-08-23,2.0
E07000031,2020-08-23,0.0
E07000037,2020-08-23,2.0
E07000117,2020-08-23,5.0
E07000118,2020-08-23,0.0
E07000119,2020-08-23,0.0
E07000120,2020-08-23,3.0
E07000121,2020-08-23,1.0
E07000122,2020-08-23,7.0
E07000123,2020-08-23,10.0
E07000124,2020-08-23,0.0
E07000125,2020-08-23,1.0
E07000126,2020-08-23,0.0
E07000127,2020-08-23,0.0
E07000128,2020-08-23,0.0
E07000163,2020-08-23,0.0
E07000165,2020-08-23,1.0
E07000166,2020-08-23,3.0
E08000001,2020-08-23,10.0
E08000002,2020-08-23,7.0
E08000003,2020-08-23,38.0
E08000004,2020-08-23,14.0
E08000005,2020-08-23,5.0
E08000006,2020-08-23,5.0
E08000007,2020-08-23,6.0
E08000008,2020-08-23,17.0
E08000009,2020-08-23,6.0
E08000010,2020-08-23,6.0
E08000011,2020-08-23,0.0
E08000012,2020-08-23,8.0
E08000013,2020-08-23,1.0
E08000014,2020-08-23,6.0
E08000015,2020-08-23,4.0
E08000032,2020-08-23,49.0
E08000033,2020-08-23,9.0
E08000034,2020-08-23,14.0
E06000006,2020-08-24,0.0
E06000007,2020-08-24,0.0
E06000008,2020-08-24,13.0
E06000009,2020-08-24,2.0
E06000049,2020-08-24,4.0
E06000050,2020-08-24,4.0
E07000027,2020-08-24,0.0
E07000029,2020-08-24,1.0
E07000031,2020-08-24,0.0
E07000037,2020-08-24,0.0
E07000117,2020-08-24,6.0
E07000118,2020-08-24,2.0
E07000119,2020-08-24,1.0
E07000120,2020-08-24,6.0
E07000121,2020-08-24,1.0
E07000122,2020-08-24,7.0
E07000123,2020-08-24,9.0
E07000124,2020-08-24,0.0
E07000125,2020-08-24,0.0
E07000126,2020-08-24,1.0
E07000127,2020-08-24,0.0
E07000128,2020-08-24,1.0
E07000163,2020-08-24,0.0
E07000165,2020-08-24,1.0
E07000166,2020-08-24,0.0
E08000001,2020-08-24,13.0
E08000002,2020-08-24,9.0
E08000003,2020-08-24,28.0
E08000004,2020-08-24,22.0
E08000005,2020-08-24,21.0
E08000006,2020-08-24,8.0
E08000007,2020-08-24,4.0
E08000008,2020-08-24,9.0
E08000009,2020-08-24,8.0
E08000010,2020-08-24,7.0
E08000011,2020-08-24,1.0
E08000012,2020-08-24,8.0
E08000013,2020-08-24,5.0
E08000014,2020-08-24,2.0
E08000015,2020-08-24,7.0
E08000032,2020-08-24,32.0
E08000033,2020-08-24,10.0
E08000034,2020-08-24,21.0
E06000006,2020-08-25,1.0
E06000007,2020-08-25,4.0
E06000008,2020-08-25,17.0
E06000009,2020-08-25,1.0
E06000049,2020-08-25,5.0
E06000050,2020-08-25,3.0
E07000027,2020-08-25,0.0
E07000029,2020-08-25,0.0
E07000031,2020-08-25,0.0
E07000037,2020-08-25,5.0
E07000117,2020-08-25,7.0
E07000118,2020-08-25,0.0
E07000119,2020-08-25,0.0
E07000120,2020-08-25,4.0
E07000121,2020-08-25,1.0
E07000122,2020-08-25,7.0
E07000123,2020-08-25,0.0
E07000124,2020-08-25,0.0
E07000125,2020-08-25,6.0
E07000126,2020-08-25,0.0
E07000127,2020-08-25,2.0
E07000128,2020-08-25,0.0
E07000163,2020-08-25,0.0
E07000165,2020-08-25,1.0
E07000166,2020-08-25,0.0
E08000001,2020-08-25,7.0
E08000002,2020-08-25,7.0
E08000003,2020-08-25,31.0
E08000004,2020-08-25,21.0
E08000005,2020-08-25,15.0
E08000006,2020-08-25,9.0
E08000007,2020-08-25,5.0
E08000008,2020-08-25,6.0
E08000009,2020-08-25,12.0
E08000010,2020-08-25,3.0
E08000011,2020-08-25,1.0
E08000012,2020-08-25,14.0
E08000013,2020-08-25,1.0
E08000014,2020-08-25,4.0
E08000015,2020-08-25,15.0
E08000032,2020-08-25,24.0
E08000033,2020-08-25,5.0
E08000034,2020-08-25,12.0
E06000006,2020-08-26,0.0
E06000007,2020-08-26,3.0
E06000008,2020-08-26,8.0
E06000009,2020-08-26,2.0
E06000049,2020-08-26,5.0
E06000050,2020-08-26,2.0
E07000027,2020-08-26,0.0
E07000029,2020-08-26,0.0
E07000031,2020-08-26,0.0
E07000037,2020-08-26,3.0
E07000117,2020-08-26,2.0
E07000118,2020-08-26,1.0
E07000119,2020-08-26,1.0
E07000120,2020-08-26,6.0
E07000121,2020-08-26,1.0
E07000122,2020-08-26,14.0
E07000123,2020-08-26,10.0
E07000124,2020-08-26,2.0
E07000125,2020-08-26,2.0
E07000126,2020-08-26,3.0
E07000127,2020-08-26,1.0
E07000128,2020-08-26,0.0
E07000163,2020-08-26,0.0
E07000165,2020-08-26,0.0
E07000166,2020-08-26,0.0
E08000001,2020-08-26,13.0
E08000002,2020-08-26,5.0
E08000003,2020-08-26,35.0
E08000004,2020-08-26,23.0
E08000005,2020-08-26,14.0
E08000006,2020-08-26,16.0
E08000007,2020-08-26,3.0
E08000008,2020-08-26,7.0
E08000009,2020-08-26,13.0
E08000010,2020-08-26,4.0
E08000011,2020-08-26,2.0
E08000012,2020-08-26,11.0
E08000013,2020-08-26,2.0
E08000014,2020-08-26,8.0
E08000015,2020-08-26,16.0
E08000032,2020-08-26,39.0
E08000033,2020-08-26,8.0
E08000034,2020-08-26,27.0
E06000006,2020-08-27,1.0
E06000007,2020-08-27,5.0
E06000008,2020-08-27,11.0
E06000009,2020-08-27,1.0
E06000049,2020-08-27,10.0
E06000050,2020-08-27,9.0
E07000027,2020-08-27,0.0
E07000029,2020-08-27,1.0
E07000031,2020-08-27,2.0
E07000037,2020-08-27,0.0
E07000117,2020-08-27,6.0
E07000118,2020-08-27,1.0
E07000119,2020-08-27,2.0
E07000120,2020-08-27,0.0
E07000121,2020-08-27,1.0
E07000122,2020-08-27,14.0
E07000123,2020-08-27,6.0
E07000124,2020-08-27,3.0
E07000125,2020-08-27,3.0
E07000126,2020-08-27,1.0
E07000127,2020-08-27,1.0
E07000128,2020-08-27,0.0
E07000163,2020-08-27,0.0
E07000165,2020-08-27,6.0
E07000166,2020-08-27,1.0
E08000001,2020-08-27,34.0
E08000002,2020-08-27,12.0
E08000003,2020-08-27,38.0
E08000004,2020-08-27,26.0
E08000005,2020-08-27,14.0
E08000006,2020-08-27,16.0
E08000007,2020-08-27,6.0
E08000008,2020-08-27,17.0
E08000009,2020-08-27,23.0
E08000010,2020-08-27,8.0
E08000011,2020-08-27,5.0
E08000012,2020-08-27,15.0
E08000013,2020-08-27,2.0
E08000014,2020-08-27,6.0
E08000015,2020-08-27,22.0
E08000032,2020-08-27,39.0
E08000033,2020-08-27,6.0
E08000034,2020-08-27,22.0
E06000006,2020-08-28,1.0
E06000007,2020-08-28,2.0
E06000008,2020-08-28,10.0
E06000009,2020-08-28,0.0
E06000049,2020-08-28,1.0
E06000050,2020-08-28,3.0
E07000027,2020-08-28,0.0
E07000029,2020-08-28,0.0
E07000031,2020-08-28,0.0
E07000037,2020-08-28,3.0
E07000117,2020-08-28,1.0
E07000118,2020-08-28,2.0
E07000119,2020-08-28,2.0
E07000120,2020-08-28,1.0
E07000121,2020-08-28,0.0
E07000122,2020-08-28,13.0
E07000123,2020-08-28,6.0
E07000124,2020-08-28,3.0
E07000125,2020-08-28,8.0
E07000126,2020-08-28,0.0
E07000127,2020-08-28,1.0
E07000128,2020-08-28,0.0
E07000163,2020-08-28,0.0
E07000165,2020-08-28,5.0
E07000166,2020-08-28,0.0
E08000001,2020-08-28,31.0
E08000002,2020-08-28,8.0
E08000003,2020-08-28,37.0
E08000004,2020-08-28,11.0
E08000005,2020-08-28,19.0
E08000006,2020-08-28,13.0
E08000007,2020-08-28,3.0
E08000008,2020-08-28,17.0
E08000009,2020-08-28,10.0
E08000010,2020-08-28,3.0
E08000011,2020-08-28,3.0
E08000012,2020-08-28,10.0
E08000013,2020-08-28,1.0
E08000014,2020-08-28,6.0
E08000015,2020-08-28,13.0
E08000032,2020-08-28,40.0
E08000033,2020-08-28,6.0
E08000034,2020-08-28,14.0
E06000006,2020-08-29,1.0
E06000007,2020-08-29,3.0
E06000008,2020-08-29,11.0
E06000009,2020-08-29,6.0
E06000049,2020-08-29,7.0
E06000050,2020-08-29,4.0
E07000027,2020-08-29,0.0
E07000029,2020-08-29,1.0
E07000031,2020-08-29,0.0
E07000037,2020-08-29,2.0
E07000117,2020-08-29,5.0
E07000118,2020-08-29,3.0
E07000119,2020-08-29,0.0
E07000120,2020-08-29,2.0
E07000121,2020-08-29,0.0
E07000122,2020-08-29,8.0
E07000123,2020-08-29,16.0
E07000124,2020-08-29,2.0
E07000125,2020-08-29,11.0
E07000126,2020-08-29,1.0
E07000127,2020-08-29,1.0
E07000128,2020-08-29,0.0
E07000163,2020-08-29,1.0
E07000165,2020-08-29,1.0
E07000166,2020-08-29,0.0
E08000001,2020-08-29,54.0
E08000002,2020-08-29,14.0
E08000003,2020-08-29,43.0
E08000004,2020-08-29,26.0
E08000005,2020-08-29,18.0
E08000006,2020-08-29,28.0
E08000007,2020-08-29,1.0
E08000008,2020-08-29,12.0
E08000009,2020-08-29,17.0
E08000010,2020-08-29,10.0
E08000011,2020-08-29,2.0
E08000012,2020-08-29,17.0
E08000013,2020-08-29,5.0
E08000014,2020-08-29,6.0
E08000015,2020-08-29,11.0
E08000032,2020-08-29,47.0
E08000033,2020-08-29,5.0
E08000034,2020-08-29,18.0
E06000006,2020-08-30,4.0
E06000007,2020-08-30,3.0
E06000008,2020-08-30,11.0
E06000009,2020-08-30,1.0
E06000049,2020-08-30,5.0
E06000050,2020-08-30,4.0
E07000027,2020-08-30,0.0
E07000029,2020-08-30,1.0
E07000031,2020-08-30,0.0
E07000037,2020-08-30,2.0
E07000117,2020-08-30,7.0
E07000118,2020-08-30,0.0
E07000119,2020-08-30,0.0
E07000120,2020-08-30,1.0
E07000121,2020-08-30,2.0
E07000122,2020-08-30,10.0
E07000123,2020-08-30,5.0
E07000124,2020-08-30,1.0
E07000125,2020-08-30,6.0
E07000126,2020-08-30,3.0
E07000127,2020-08-30,1.0
E07000128,2020-08-30,2.0
E07000163,2020-08-30,0.0
E07000165,2020-08-30,2.0
E07000166,2020-08-30,1.0
E08000001,2020-08-30,38.0
E08000002,2020-08-30,6.0
E08000003,2020-08-30,30.0
E08000004,2020-08-30,21.0
E08000005,2020-08-30,5.0
E08000006,2020-08-30,12.0
E08000007,2020-08-30,9.0
E08000008,2020-08-30,22.0
E08000009,2020-08-30,6.0
E08000010,2020-08-30,8.0
E08000011,2020-08-30,3.0
E08000012,2020-08-30,10.0
E08000013,2020-08-30,2.0
E08000014,2020-08-30,6.0
E08000015,2020-08-30,5.0
E08000032,2020-08-30,46.0
E08000033,2020-08-30,4.0
E08000034,2020-08-30,21.0
E06000006,2020-08-31,2.0
E06000007,2020-08-31,8.0
E06000008,2020-08-31,7.0
E06000009,2020-08-31,0.0
E06000049,2020-08-31,9.0
E06000050,2020-08-31,3.0
E07000027,2020-08-31,2.0
E07000029,2020-08-31,0.0
E07000031,2020-08-31,1.0
E07000037,2020-08-31,1.0
E07000117,2020-08-31,4.0
E07000118,2020-08-31,2.0
E07000119,2020-08-31,0.0
E07000120,2020-08-31,3.0
E07000121,2020-08-31,1.0
E07000122,2020-08-31,8.0
E07000123,2020-08-31,3.0
E07000124,2020-08-31,1.0
E07000125,2020-08-31,14.0
E07000126,2020-08-31,2.0
E07000127,2020-08-31,3.0
E07000128,2020-08-31,3.0
E07000163,2020-08-31,0.0
E07000165,2020-08-31,2.0
E07000166,2020-08-31,0.0
E08000001,2020-08-31,28.0
E08000002,2020-08-31,5.0
E08000003,2020-08-31,19.0
E08000004,2020-08-31,24.0
E08000005,2020-08-31,14.0
E08000006,2020-08-31,6.0
E08000007,2020-08-31,4.0
E08000008,2020-08-31,8.0
E08000009,2020-08-31,10.0
E08000010,2020-08-31,4.0
E08000011,2020-08-31,2.0
E08000012,2020-08-31,12.0
E08000013,2020-08-31,0.0
E08000014,2020-08-31,9.0
E08000015,2020-08-31,12.0
E08000032,2020-08-31,56.0
E08000033,2020-08-31,12.0
E08000034,2020-08-31,16.0
E06000006,2020-09-01,2.0
E06000007,2020-09-01,12.0
E06000008,2020-09-01,7.0
E06000009,2020-09-01,0.0
E06000049,2020-09-01,6.0
E06000050,2020-09-01,11.0
E07000027,2020-09-01,0.0
E07000029,2020-09-01,0.0
E07000031,2020-09-01,0.0
E07000037,2020-09-01,1.0
E07000117,2020-09-01,8.0
E07000118,2020-09-01,1.0
E07000119,2020-09-01,1.0
E07000120,2020-09-01,5.0
E07000121,2020-09-01,0.0
E07000122,2020-09-01,9.0
E07000123,2020-09-01,9.0
E07000124,2020-09-01,1.0
E07000125,2020-09-01,1.0
E07000126,2020-09-01,2.0
E07000127,2020-09-01,1.0
E07000128,2020-09-01,1.0
E07000163,2020-09-01,0.0
E07000165,2020-09-01,4.0
E07000166,2020-09-01,0.0
E08000001,2020-09-01,28.0
E08000002,2020-09-01,8.0
E08000003,2020-09-01,40.0
E08000004,2020-09-01,20.0
E08000005,2020-09-01,13.0
E08000006,2020-09-01,13.0
E08000007,2020-09-01,9.0
E08000008,2020-09-01,10.0
E08000009,2020-09-01,8.0
E08000010,2020-09-01,5.0
E08000011,2020-09-01,6.0
E08000012,2020-09-01,18.0
E08000013,2020-09-01,4.0
E08000014,2020-09-01,9.0
E08000015,2020-09-01,26.0
E08000032,2020-09-01,44.0
E08000033,2020-09-01,9.0
E08000034,2020-09-01,14.0
E06000006,2020-09-02,4.0
E06000007,2020-09-02,6.0
E06000008,2020-09-02,27.0
E06000009,2020-09-02,1.0
E06000049,2020-09-02,11.0
E06000050,2020-09-02,5.0
E07000027,2020-09-02,2.0
E07000029,2020-09-02,1.0
E07000031,2020-09-02,2.0
E07000037,2020-09-02,3.0
E07000117,2020-09-02,9.0
E07000118,2020-09-02,5.0
E07000119,2020-09-02,0.0
E07000120,2020-09-02,6.0
E07000121,2020-09-02,0.0
E07000122,2020-09-02,7.0
E07000123,2020-09-02,17.0
E07000124,2020-09-02,1.0
E07000125,2020-09-02,6.0
E07000126,2020-09-02,4.0
E07000127,2020-09-02,4.0
E07000128,2020-09-02,2.0
E07000163,2020-09-02,0.0
E07000165,2020-09-02,6.0
E07000166,2020-09-02,1.0
E08000001,2020-09-02,41.0
E08000002,2020-09-02,15.0
E08000003,2020-09-02,45.0
E08000004,2020-09-02,22.0
E08000005,2020-09-02,18.0
E08000006,2020-09-02,19.0
E08000007,2020-09-02,6.0
E08000008,2020-09-02,18.0
E08000009,2020-09-02,9.0
E08000010,2020-09-02,8.0
E08000011,2020-09-02,2.0
E08000012,2020-09-02,15.0
E08000013,2020-09-02,7.0
E08000014,2020-09-02,9.0
E08000015,2020-09-02,20.0
E08000032,2020-09-02,74.0
E08000033,2020-09-02,8.0
E08000034,2020-09-02,34.0
E06000006,2020-09-03,4.0
E06000007,2020-09-03,10.0
E06000008,2020-09-03,12.0
E06000009,2020-09-03,4.0
E06000049,2020-09-03,12.0
E06000050,2020-09-03,7.0
E07000027,2020-09-03,3.0
E07000029,2020-09-03,0.0
E07000031,2020-09-03,2.0
E07000037,2020-09-03,4.0
E07000117,2020-09-03,14.0
E07000118,2020-09-03,1.0
E07000119,2020-09-03,4.0
E07000120,2020-09-03,9.0
E07000121,2020-09-03,7.0
E07000122,2020-09-03,2.0
E07000123,2020-09-03,18.0
E07000124,2020-09-03,3.0
E07000125,2020-09-03,7.0
E07000126,2020-09-03,3.0
E07000127,2020-09-03,4.0
E07000128,2020-09-03,2.0
E07000163,2020-09-03,2.0
E07000165,2020-09-03,4.0
E07000166,2020-09-03,0.0
E08000001,2020-09-03,71.0
E08000002,2020-09-03,14.0
E08000003,2020-09-03,46.0
E08000004,2020-09-03,16.0
E08000005,2020-09-03,24.0
E08000006,2020-09-03,39.0
E08000007,2020-09-03,10.0
E08000008,2020-09-03,18.0
E08000009,2020-09-03,8.0
E08000010,2020-09-03,19.0
E08000011,2020-09-03,8.0
E08000012,2020-09-03,25.0
E08000013,2020-09-03,5.0
E08000014,2020-09-03,14.0
E08000015,2020-09-03,29.0
E08000032,2020-09-03,54.0
E08000033,2020-09-03,12.0
E08000034,2020-09-03,21.0
E06000006,2020-09-04,7.0
E06000007,2020-09-04,12.0
E06000008,2020-09-04,9.0
E06000009,2020-09-04,5.0
E06000049,2020-09-04,12.0
E06000050,2020-09-04,5.0
E07000027,2020-09-04,0.0
E07000029,2020-09-04,0.0
E07000031,2020-09-04,2.0
E07000037,2020-09-04,2.0
E07000117,2020-09-04,6.0
E07000118,2020-09-04,3.0
E07000119,2020-09-04,1.0
E07000120,2020-09-04,6.0
E07000121,2020-09-04,2.0
E07000122,2020-09-04,10.0
E07000123,2020-09-04,16.0
E07000124,2020-09-04,0.0
E07000125,2020-09-04,5.0
E07000126,2020-09-04,4.0
E07000127,2020-09-04,4.0
E07000128,2020-09-04,2.0
E07000163,2020-09-04,2.0
E07000165,2020-09-04,7.0
E07000166,2020-09-04,1.0
E08000001,2020-09-04,62.0
E08000002,2020-09-04,13.0
E08000003,2020-09-04,47.0
E08000004,2020-09-04,18.0
E08000005,2020-09-04,18.0
E08000006,2020-09-04,29.0
E08000007,2020-09-04,9.0
E08000008,2020-09-04,20.0
E08000009,2020-09-04,9.0
E08000010,2020-09-04,16.0
E08000011,2020-09-04,11.0
E08000012,2020-09-04,39.0
E08000013,2020-09-04,10.0
E08000014,2020-09-04,14.0
E08000015,2020-09-04,19.0
E08000032,2020-09-04,49.0
E08000033,2020-09-04,12.0
E08000034,2020-09-04,27.0
E06000006,2020-09-05,6.0
E06000007,2020-09-05,18.0
E06000008,2020-09-05,21.0
E06000009,2020-09-05,8.0
E06000049,2020-09-05,16.0
E06000050,2020-09-05,7.0
E07000027,2020-09-05,3.0
E07000029,2020-09-05,0.0
E07000031,2020-09-05,0.0
E07000037,2020-09-05,1.0
E07000117,2020-09-05,0.0
E07000118,2020-09-05,9.0
E07000119,2020-09-05,1.0
E07000120,2020-09-05,11.0
E07000121,2020-09-05,4.0
E07000122,2020-09-05,10.0
E07000123,2020-09-05,12.0
E07000124,2020-09-05,3.0
E07000125,2020-09-05,2.0
E07000126,2020-09-05,6.0
E07000127,2020-09-05,9.0
E07000128,2020-09-05,4.0
E07000163,2020-09-05,2.0
E07000165,2020-09-05,9.0
E07000166,2020-09-05,0.0
E08000001,2020-09-05,73.0
E08000002,2020-09-05,30.0
E08000003,2020-09-05,78.0
E08000004,2020-09-05,21.0
E08000005,2020-09-05,35.0
E08000006,2020-09-05,38.0
E08000007,2020-09-05,17.0
E08000008,2020-09-05,25.0
E08000009,2020-09-05,16.0
E08000010,2020-09-05,15.0
E08000011,2020-09-05,12.0
E08000012,2020-09-05,50.0
E08000013,2020-09-05,10.0
E08000014,2020-09-05,18.0
E08000015,2020-09-05,22.0
E08000032,2020-09-05,51.0
E08000033,2020-09-05,12.0
E08000034,2020-09-05,27.0
E06000006,2020-09-06,5.0
E06000007,2020-09-06,19.0
E06000008,2020-09-06,9.0
E06000009,2020-09-06,4.0
E06000049,2020-09-06,15.0
E06000050,2020-09-06,17.0
E07000027,2020-09-06,5.0
E07000029,2020-09-06,1.0
E07000031,2020-09-06,5.0
E07000037,2020-09-06,5.0
E07000117,2020-09-06,11.0
E07000118,2020-09-06,2.0
E07000119,2020-09-06,1.0
E07000120,2020-09-06,6.0
E07000121,2020-09-06,4.0
E07000122,2020-09-06,3.0
E07000123,2020-09-06,19.0
E07000124,2020-09-06,1.0
E07000125,2020-09-06,2.0
E07000126,2020-09-06,8.0
E07000127,2020-09-06,8.0
E07000128,2020-09-06,3.0
E07000163,2020-09-06,3.0
E07000165,2020-09-06,8.0
E07000166,2020-09-06,1.0
E08000001,2020-09-06,51.0
E08000002,2020-09-06,15.0
E08000003,2020-09-06,57.0
E08000004,2020-09-06,21.0
E08000005,2020-09-06,18.0
E08000006,2020-09-06,18.0
E08000007,2020-09-06,19.0
E08000008,2020-09-06,39.0
E08000009,2020-09-06,14.0
E08000010,2020-09-06,22.0
E08000011,2020-09-06,11.0
E08000012,2020-09-06,64.0
E08000013,2020-09-06,15.0
E08000014,2020-09-06,18.0
E08000015,2020-09-06,46.0
E08000032,2020-09-06,62.0
E08000033,2020-09-06,17.0
E08000034,2020-09-06,30.0
E06000006,2020-09-07,8.0
E06000007,2020-09-07,20.0
E06000008,2020-09-07,6.0
E06000009,2020-09-07,5.0
E06000049,2020-09-07,15.0
E06000050,2020-09-07,10.0
E07000027,2020-09-07,2.0
E07000029,2020-09-07,0.0
E07000031,2020-09-07,4.0
E07000037,2020-09-07,6.0
E07000117,2020-09-07,12.0
E07000118,2020-09-07,2.0
E07000119,2020-09-07,2.0
E07000120,2020-09-07,12.0
E07000121,2020-09-07,2.0
E07000122,2020-09-07,12.0
E07000123,2020-09-07,28.0
E07000124,2020-09-07,1.0
E07000125,2020-09-07,2.0
E07000126,2020-09-07,13.0
E07000127,2020-09-07,5.0
E07000128,2020-09-07,7.0
E07000163,2020-09-07,3.0
E07000165,2020-09-07,7.0
E07000166,2020-09-07,1.0
E08000001,2020-09-07,47.0
E08000002,2020-09-07,22.0
E08000003,2020-09-07,48.0
E08000004,2020-09-07,21.0
E08000005,2020-09-07,18.0
E08000006,2020-09-07,27.0
E08000007,2020-09-07,15.0
E08000008,2020-09-07,26.0
E08000009,2020-09-07,14.0
E08000010,2020-09-07,21.0
E08000011,2020-09-07,8.0
E08000012,2020-09-07,25.0
E08000013,2020-09-07,9.0
E08000014,2020-09-07,8.0
E08000015,2020-09-07,21.0
E08000032,2020-09-07,63.0
E08000033,2020-09-07,11.0
E08000034,2020-09-07,22.0
