lad19cd,2020-09-04,2020-09-05,2020-09-06,2020-09-07,2020-09-08,2020-09-09,2020-09-10,2020-09-11,2020-09-12,2020-09-13,2020-09-14,2020-09-15,2020-09-16,2020-09-17,2020-09-18,2020-09-19,2020-09-20,2020-09-21,2020-09-22,2020-09-23,2020-09-24,2020-09-25,2020-09-26,2020-09-27,2020-09-28,2020-09-29,2020-09-30,2020-10-01,2020-10-02,2020-10-03,2020-10-04,2020-10-05,2020-10-06,2020-10-07,2020-10-08,2020-10-09,2020-10-10,2020-10-11,2020-10-12,2020-10-13,2020-10-14,2020-10-15,2020-10-16,2020-10-17,2020-10-18,2020-10-19,2020-10-20,2020-10-21,2020-10-22,2020-10-23,2020-10-24,2020-10-25,2020-10-26,2020-10-27,2020-10-28,2020-10-29,2020-10-30,2020-10-31,2020-11-01,2020-11-02,2020-11-03,2020-11-04,2020-11-05,2020-11-06,2020-11-07,2020-11-08,2020-11-09,2020-11-10,2020-11-11,2020-11-12,2020-11-13,2020-11-14,2020-11-15,2020-11-16,2020-11-17,2020-11-18,2020-11-19,2020-11-20,2020-11-21,2020-11-22,2020-11-23,2020-11-24,2020-11-25,2020-11-26
E06000001,11,8,12,15,13,4,15,29,25,26,10,44,24,16,18,8,15,24,22,17,23,11,12,10,13,11,17,21,23,19,18,20,15,10,26,17,7,13,31,38,11,12,19,16,15,15,21,21,25,17,19,16,15,17,17,19,18,15,16,23,22,13,18,25,16,23,16,27,12,20,24,15,10,32,36,19,18,22,35,29,22,21,34,21
E06000002,39,29,32,42,31,23,41,41,27,28,42,31,42,40,50,44,34,46,50,51,31,40,35,28,41,37,26,57,39,31,56,43,46,43,41,46,45,31,51,53,40,49,48,38,43,46,28,57,39,67,51,43,33,44,39,46,36,32,33,62,48,49,49,40,30,62,50,47,61,52,38,36,37,61,48,29,56,58,50,52,38,36,46,44
E06000003,31,33,28,28,29,35,31,31,29,28,33,46,42,36,35,39,30,38,22,46,39,33,22,42,36,40,38,34,32,40,27,46,49,37,36,39,40,46,49,36,56,69,51,30,46,63,68,45,52,43,28,41,42,44,37,36,34,43,33,34,46,54,46,45,43,37,51,58,42,52,43,34,56,45,53,57,43,39,40,47,42,38,42,42
E06000004,27,15,19,38,37,14,33,46,29,41,42,38,45,38,37,24,26,39,44,32,24,41,29,20,44,52,41,43,40,49,38,33,42,38,33,46,40,30,45,25,45,39,38,27,32,54,45,58,54,37,40,35,23,56,74,29,48,40,33,55,39,51,38,37,40,22,42,34,36,52,42,35,34,50,61,49,53,55,44,38,56,41,47,40
E06000005,25,22,32,42,31,36,32,23,24,36,39,34,28,35,27,22,21,32,34,32,32,37,37,40,48,36,33,40,36,27,39,42,28,31,29,42,29,32,27,29,87,47,31,35,19,19,46,36,30,24,72,50,35,24,40,35,27,37,69,43,42,38,42,37,33,26,44,44,38,47,41,31,59,45,47,45,40,45,45,38,47,51,47,44
E06000006,29,32,25,36,41,46,45,28,34,46,41,35,34,36,33,21,32,42,33,44,47,36,40,19,34,41,52,44,32,43,34,41,49,54,25,39,45,37,48,44,36,44,38,35,25,53,51,34,29,60,40,40,36,47,29,33,43,29,43,55,55,43,41,39,29,32,42,52,37,40,32,35,39,43,48,48,40,42,45,30,43,46,41,40
E06000007,46,29,50,41,28,37,34,35,28,35,52,30,47,42,47,43,37,51,67,62,46,44,28,33,38,40,48,38,46,59,39,53,61,36,43,45,48,41,46,59,49,53,55,51,35,46,47,46,52,59,66,64,44,36,81,64,69,39,47,45,35,46,53,61,49,45,57,41,61,58,59,36,45,53,41,41,41,41,47,32,51,58,45,30
E06000008,32,26,29,38,33,29,32,36,38,34,39,43,46,53,38,44,43,44,34,42,37,33,32,29,51,28,39,39,29,33,26,37,34,37,34,43,22,39,40,41,32,61,25,34,32,52,40,50,42,46,32,47,55,51,40,42,35,43,47,41,32,33,50,33,34,32,53,39,38,49,43,29,35,36,42,27,45,49,41,48,43,40,42,49
E06000009,40,38,30,28,37,33,38,49,28,35,36,44,45,36,42,35,40,34,30,25,42,43,31,28,47,32,47,35,50,37,54,44,36,46,57,36,48,46,44,49,46,58,58,72,49,44,62,71,43,69,42,47,46,53,44,49,50,33,46,52,59,42,33,44,38,38,40,48,41,81,48,63,24,55,51,36,36,38,50,38,45,59,51,41
E06000010,24,33,30,52,35,37,45,40,39,37,28,34,56,46,36,33,37,44,38,58,30,50,32,31,30,32,27,34,50,50,39,29,37,33,51,44,37,40,49,46,41,41,43,35,37,55,39,63,58,59,54,53,45,52,62,46,52,53,67,71,68,74,55,52,51,66,65,74,57,54,66,68,45,73,52,55,55,65,71,46,60,65,55,44
E06000011,46,35,44,41,25,46,37,45,49,56,35,32,50,45,44,42,42,50,45,38,45,41,43,52,39,72,44,28,50,52,24,52,64,46,61,52,31,45,54,59,53,55,65,46,56,48,50,62,48,55,48,46,73,66,70,62,56,40,57,68,69,59,62,78,49,55,68,78,61,83,69,65,69,68,70,75,53,53,64,50,66,52,53,63
E06000012,32,25,38,44,41,41,32,42,30,41,38,35,40,35,49,30,21,43,48,24,32,31,38,40,46,40,32,35,32,30,53,35,55,48,32,32,35,49,45,47,31,28,42,34,31,54,47,51,53,50,39,28,39,45,53,43,42,34,40,57,46,49,46,44,42,51,63,44,39,49,62,30,34,39,62,60,34,44,34,38,48,45,44,36
E06000013,25,34,34,53,29,28,45,41,26,39,37,40,44,60,33,23,38,53,37,43,40,48,33,48,54,54,50,35,30,42,25,46,37,39,27,43,39,29,51,40,43,55,30,43,52,43,52,60,43,48,38,37,54,54,53,40,41,43,38,35,59,43,36,55,46,42,48,58,35,53,60,41,51,68,55,41,47,53,48,42,52,55,51,54
E06000014,44,32,45,40,35,36,35,42,39,43,44,38,62,47,42,43,55,47,43,51,45,42,41,34,54,36,68,54,53,46,26,42,57,52,40,59,40,41,53,58,63,53,43,53,29,65,56,52,44,50,37,35,51,58,36,47,58,37,40,46,53,46,44,40,44,35,55,42,49,42,46,47,42,35,57,48,55,68,46,60,38,44,48,40
E06000015,23,30,42,34,28,30,43,42,30,34,34,29,35,55,40,44,32,37,34,26,41,33,42,34,33,35,37,43,45,32,35,43,31,42,32,32,34,41,41,45,47,51,58,67,63,46,64,53,40,53,56,57,42,67,54,55,46,65,31,58,58,44,49,43,44,40,58,49,54,49,41,46,43,63,47,46,31,37,42,55,40,34,38,45
E06000016,38,44,39,42,38,24,42,47,42,52,32,43,49,31,41,44,31,53,43,51,43,40,34,41,39,38,39,45,38,46,39,47,26,47,45,47,51,40,47,51,41,42,44,51,42,51,49,45,45,42,34,32,60,50,45,50,56,39,35,51,48,50,51,39,39,37,48,62,50,57,51,37,50,56,57,58,67,52,50,44,42,68,58,51
E06000017,9,16,11,20,17,19,16,22,16,14,20,19,21,17,22,21,8,20,18,14,10,18,16,21,18,27,20,23,16,14,20,17,26,13,13,39,15,11,21,28,21,20,18,18,9,26,18,22,14,22,14,15,14,19,24,15,23,17,17,27,21,7,17,18,13,22,16,12,24,15,18,27,24,43,14,20,20,37,35,23,23,24,23,25
E06000018,24,27,30,42,33,56,34,48,30,29,35,46,40,40,42,28,48,35,42,52,45,53,41,34,28,41,46,55,48,40,25,48,61,61,40,63,48,30,51,70,116,51,56,51,48,64,68,59,57,46,53,46,57,67,53,67,64,54,40,57,45,43,48,50,51,56,58,59,48,60,66,40,40,50,54,42,49,43,44,63,41,61,52,48
E06000019,42,26,37,30,36,36,41,30,30,36,53,58,46,35,26,43,30,35,33,41,34,30,36,37,36,48,16,28,29,36,43,41,28,39,30,28,32,30,26,27,27,45,30,34,32,38,58,49,37,37,47,47,35,45,33,36,38,38,49,29,33,36,28,31,32,42,39,30,36,35,37,28,39,46,40,43,35,52,47,44,41,29,48,39
E06000020,33,30,32,36,43,34,34,22,25,34,46,42,41,45,39,39,24,37,39,34,34,41,33,30,30,38,33,21,44,29,27,40,40,35,36,35,37,25,44,36,47,45,40,36,33,40,41,47,44,33,43,41,37,29,34,32,41,44,28,49,51,40,49,44,39,38,37,41,55,45,44,34,41,54,40,46,40,52,31,47,51,42,37,53
E06000021,42,28,37,50,39,33,36,38,33,41,64,45,45,34,41,28,27,49,41,46,44,40,39,29,32,40,39,37,41,43,32,32,51,54,48,43,36,28,53,44,45,49,43,50,41,62,71,46,78,49,57,58,72,56,57,43,68,54,54,73,60,54,72,60,45,50,64,61,64,74,63,49,49,67,87,67,50,52,71,53,62,64,58,62
E06000022,45,40,26,39,41,38,25,28,25,35,30,34,39,28,30,36,32,42,44,35,26,46,45,39,55,46,43,27,36,24,31,48,51,29,35,40,35,30,41,32,46,45,37,31,39,33,45,52,38,40,36,22,50,42,42,29,40,36,29,45,51,39,46,42,28,35,41,42,42,49,51,29,41,54,49,35,42,35,39,41,40,42,39,53
E06000023,42,36,37,38,39,41,31,37,43,34,38,48,49,37,49,28,46,44,38,38,43,59,41,39,41,40,37,48,35,33,41,43,47,39,43,48,46,43,50,48,44,30,53,40,46,56,65,85,67,61,56,61,69,88,54,71,74,43,55,64,77,70,79,58,53,88,77,79,85,76,77,79,57,71,67,51,47,55,58,59,62,61,75,71
E06000024,35,31,28,45,44,45,30,30,27,31,32,42,43,37,35,47,38,45,32,32,36,26,40,39,31,48,36,38,36,36,37,38,38,23,31,44,33,28,40,42,41,32,37,33,35,34,35,35,56,43,29,54,34,38,49,31,37,44,44,37,40,44,38,49,47,41,43,41,42,47,46,52,40,51,38,48,36,40,49,43,55,46,38,68
E06000025,30,32,30,36,42,32,44,36,36,33,40,39,39,46,43,36,31,38,42,33,38,45,41,35,44,21,36,32,48,46,34,43,38,43,37,47,45,39,44,48,48,40,41,34,44,43,40,42,41,43,39,40,66,42,49,52,48,43,59,62,48,60,41,58,50,41,61,61,53,48,42,49,50,54,48,42,46,42,68,37,53,59,55,60
E06000026,35,27,43,41,46,34,58,35,36,37,46,39,40,39,34,37,36,26,44,43,41,48,31,39,40,35,36,23,44,34,36,39,49,39,37,41,46,31,29,41,46,38,43,32,50,48,45,56,52,51,24,36,54,55,64,49,46,40,43,38,48,57,45,32,55,45,40,48,47,50,46,42,37,55,39,45,49,39,43,35,57,41,44,38
E06000027,28,35,29,36,38,34,38,41,39,36,41,36,43,26,30,30,43,44,38,40,40,35,25,41,39,47,44,34,45,34,43,50,39,41,37,43,38,36,52,50,47,45,47,56,39,52,32,39,40,30,22,35,45,45,42,55,37,27,50,72,39,54,35,51,45,46,67,47,48,30,33,49,43,33,31,27,47,42,46,41,63,46,35,32
E06000030,20,20,18,28,16,24,17,30,11,16,23,24,17,23,26,21,24,43,24,22,20,26,21,22,22,24,21,20,19,16,23,26,33,20,20,18,22,25,26,16,20,23,30,27,14,25,32,30,23,15,20,17,42,26,23,22,28,30,17,23,36,32,19,26,34,25,28,21,20,24,41,24,36,30,39,19,27,40,51,33,41,32,22,26
E06000031,27,40,29,48,24,32,46,34,39,31,38,41,33,35,25,28,34,38,33,39,53,50,30,32,39,36,51,20,32,36,35,42,42,34,29,37,38,34,34,33,30,40,42,47,32,38,41,45,31,36,38,40,34,38,47,39,56,42,30,41,54,41,55,36,27,33,50,39,46,39,41,34,24,47,49,43,47,35,63,33,60,46,51,50
E06000032,39,38,55,35,41,25,39,42,28,22,44,42,47,38,32,38,41,43,32,40,49,34,36,31,35,43,46,33,28,35,40,42,36,32,47,48,36,47,45,39,47,48,54,50,47,47,45,39,37,41,51,36,46,48,44,49,56,47,37,39,50,41,53,55,36,38,58,44,42,47,50,47,51,55,49,55,59,52,54,37,57,51,34,46
E06000033,50,33,44,44,35,46,33,37,32,44,38,39,26,37,33,47,39,45,43,41,26,35,44,43,39,34,35,41,42,42,30,39,36,36,42,56,43,46,51,33,33,42,30,51,44,31,39,44,53,46,47,47,31,49,46,33,34,35,29,42,49,34,42,36,47,45,36,48,39,56,47,41,39,34,47,34,52,44,54,35,49,53,43,51
E06000034,26,40,30,47,45,26,31,41,36,35,49,36,28,45,32,31,38,39,51,39,38,49,35,30,32,39,45,35,55,40,36,42,31,34,50,44,45,44,53,80,32,47,41,53,33,41,51,58,56,54,55,41,38,36,42,40,36,44,35,46,50,44,41,39,42,34,53,59,47,51,43,32,36,36,49,40,48,47,41,35,52,33,49,39
E06000035,35,43,31,36,29,44,30,42,34,27,34,40,46,41,46,32,43,31,49,49,28,37,40,35,39,38,33,31,36,40,31,37,27,34,37,40,33,34,44,32,31,49,29,27,33,43,31,38,41,56,27,31,27,36,45,60,37,45,42,47,49,36,56,40,24,50,56,40,56,42,68,51,35,56,70,75,63,88,72,48,64,82,75,86
E06000036,32,37,33,33,43,38,32,40,39,31,33,23,37,45,30,31,21,40,24,34,22,45,38,23,40,34,40,35,44,51,33,50,42,33,35,47,26,29,36,33,31,30,36,34,34,36,33,32,37,28,40,38,28,31,33,34,30,32,33,39,38,48,27,36,25,35,49,41,41,34,37,28,33,47,38,38,38,44,48,42,43,47,43,40
E06000037,27,25,24,26,21,38,33,25,41,38,29,26,36,36,39,31,37,38,34,37,44,39,43,36,42,31,25,38,30,29,30,31,29,29,21,27,32,27,33,46,28,28,39,37,28,35,37,32,33,48,31,39,39,37,50,35,45,45,42,40,28,34,26,37,44,25,38,29,46,39,26,45,35,37,45,42,36,50,29,27,40,38,48,47
E06000038,41,35,24,36,41,27,41,32,26,46,40,45,42,34,40,41,29,54,43,40,45,43,39,34,29,52,35,43,36,35,37,29,41,36,32,47,50,33,42,28,42,40,50,43,34,62,41,23,58,37,24,42,44,51,36,45,44,46,40,59,49,49,53,47,34,42,53,44,38,42,42,32,40,39,45,48,45,40,38,33,44,38,32,52
E06000039,30,30,34,35,34,42,43,33,23,53,36,41,44,41,53,41,29,41,41,47,35,37,38,36,24,59,46,36,55,33,27,33,50,35,34,26,38,27,44,37,33,36,34,39,34,45,41,33,29,33,33,37,39,39,37,42,52,41,35,41,40,42,43,42,28,26,37,53,42,56,36,51,32,44,49,42,39,43,46,58,54,36,36,39
E06000040,32,31,33,31,31,48,60,59,44,41,41,30,44,37,48,37,31,37,41,29,35,42,41,22,29,36,31,45,34,32,29,48,31,32,39,34,33,30,40,52,36,41,38,40,38,39,32,41,43,36,47,44,40,42,42,46,40,37,27,56,41,35,43,35,44,49,49,48,42,38,46,47,28,30,52,47,38,45,38,42,40,40,44,41
E06000041,38,21,28,25,32,28,26,42,40,36,32,43,27,25,41,40,34,44,27,46,31,42,35,32,41,31,35,34,40,27,27,49,38,34,38,40,33,38,26,34,48,47,34,28,36,32,42,29,34,49,37,40,40,37,34,33,34,36,32,70,40,35,56,61,30,28,47,40,40,36,33,37,40,40,47,39,43,43,56,31,28,40,43,38
E06000042,37,34,32,33,45,45,39,35,28,29,43,35,41,36,44,34,38,32,40,46,38,49,29,20,44,36,40,33,46,28,27,45,34,37,34,43,52,37,33,48,34,25,46,49,31,54,30,32,51,40,47,29,45,44,37,42,58,33,46,37,38,48,40,52,44,39,58,40,54,59,52,52,46,66,51,48,38,61,43,47,41,36,28,41
E06000043,43,34,24,35,30,30,25,33,38,29,36,31,32,27,28,20,18,32,44,53,34,41,26,29,37,39,34,36,39,35,37,41,40,50,38,46,34,24,52,45,47,39,41,47,46,40,49,47,43,47,36,44,40,26,33,43,54,45,32,45,38,42,28,50,28,31,47,41,45,39,46,51,23,53,41,45,42,32,42,27,42,39,45,46
E06000044,38,40,25,33,48,38,41,32,37,32,40,36,46,38,54,44,34,46,45,37,36,39,19,29,44,35,45,41,37,30,38,27,44,43,56,50,49,44,45,49,38,39,48,47,38,46,37,46,62,57,53,52,29,48,33,50,42,41,38,41,56,49,46,39,57,44,51,47,54,48,41,49,49,53,48,62,51,38,49,43,49,47,52,41
E06000045,28,42,36,32,41,42,38,36,42,29,41,35,38,56,42,36,37,42,45,38,30,38,36,30,44,43,48,46,36,41,30,38,47,49,41,45,34,54,48,55,49,47,45,67,50,55,59,55,68,43,34,35,54,46,43,53,53,51,41,49,50,47,41,37,43,52,63,41,54,54,47,40,43,43,48,44,45,55,38,54,36,39,43,33
E06000046,30,34,30,35,42,34,34,38,34,31,24,34,37,28,41,33,30,39,38,33,43,30,29,31,38,37,36,30,24,28,25,36,25,35,22,24,37,29,34,28,29,35,36,28,36,33,45,38,39,23,32,31,27,33,44,29,36,39,56,34,38,26,33,44,41,31,41,28,33,24,31,39,26,41,36,28,41,38,37,34,30,31,35,43
E06000047,51,32,37,44,40,40,40,35,42,35,55,35,42,59,43,43,41,57,41,49,41,35,49,41,50,43,53,66,48,31,51,73,62,48,56,55,38,61,50,63,63,62,61,71,72,58,65,75,72,66,45,64,63,67,60,51,60,63,62,76,72,66,116,80,84,117,81,86,107,71,79,52,61,61,73,95,73,54,49,52,61,73,66,45
E06000049,34,38,34,61,38,39,47,47,51,53,42,53,49,33,53,43,34,62,48,42,41,47,44,35,45,54,43,39,39,46,53,46,47,46,55,37,39,39,58,40,43,40,45,36,38,45,75,57,60,68,56,54,65,58,68,40,64,61,52,62,61,51,40,59,39,58,65,56,69,73,62,45,57,65,63,40,56,66,40,44,64,49,70,58
E06000050,45,36,42,55,60,43,47,53,44,28,39,35,40,37,46,28,34,61,49,44,49,46,41,44,26,39,51,51,51,34,39,36,51,61,51,48,46,33,44,52,51,65,54,53,37,49,56,53,56,55,56,71,46,60,54,57,76,49,51,60,55,70,60,88,64,39,64,83,42,55,69,56,42,48,74,56,79,44,57,44,56,76,64,59
E06000051,37,37,33,42,40,38,28,30,38,36,36,30,39,33,47,29,31,42,35,46,47,29,32,35,34,55,55,33,36,32,39,32,41,33,44,35,41,39,49,41,38,32,51,38,37,44,51,50,42,48,37,42,58,56,33,52,64,31,40,50,45,40,51,54,54,37,67,53,54,63,64,48,51,68,33,48,46,64,54,43,29,55,45,36
"E06000052,E06000053",35,27,37,36,46,37,46,39,47,51,54,38,30,49,54,35,31,41,41,36,47,48,53,29,45,39,45,41,47,42,52,39,59,49,43,50,35,48,38,46,37,50,44,53,47,52,40,56,69,48,54,36,50,43,43,54,36,36,53,83,44,40,50,59,45,41,55,116,52,64,52,36,57,39,45,51,47,57,36,43,59,46,43,46
E06000054,43,36,38,44,38,39,42,34,37,36,48,43,45,42,37,36,49,33,26,39,25,31,39,41,31,47,51,33,49,45,42,31,43,53,38,39,30,39,44,44,31,45,33,33,40,46,39,42,41,46,29,39,51,42,42,48,49,37,41,48,40,36,43,44,37,45,46,42,47,44,49,41,48,52,60,57,44,43,41,44,63,38,49,42
E06000055,40,32,25,29,40,34,37,33,30,44,33,30,39,46,33,33,34,40,48,38,27,40,25,35,48,34,41,39,41,29,46,47,46,37,45,43,43,38,44,50,50,42,43,29,29,43,44,49,27,41,35,32,38,52,38,47,52,48,21,44,50,54,35,44,40,47,38,42,62,48,47,63,40,36,43,55,39,42,54,44,53,47,48,52
E06000056,47,31,42,39,45,35,32,40,37,47,43,38,38,55,39,36,47,38,44,39,35,32,34,35,40,31,39,23,43,31,40,37,46,28,48,42,31,40,43,43,42,36,53,43,31,49,47,29,40,35,40,39,46,41,61,40,62,44,32,28,36,54,34,48,46,39,52,43,53,40,44,73,41,45,37,47,41,47,38,33,42,49,46,58
E06000057,47,32,42,39,31,42,36,33,48,40,56,47,54,52,41,43,34,52,57,56,42,30,46,53,58,29,40,55,54,35,42,70,39,48,29,58,46,41,47,44,30,50,49,37,50,52,48,38,45,47,32,40,46,49,54,77,52,37,51,65,83,59,44,60,49,45,67,64,65,53,63,71,49,77,57,64,54,64,43,66,56,50,43,57
E06000058,36,35,40,37,46,42,45,49,34,41,48,41,37,38,46,32,39,43,37,39,39,34,45,46,42,42,37,41,39,45,30,34,49,63,37,37,37,39,68,37,43,46,55,48,41,52,55,58,41,56,38,53,61,54,52,53,47,53,52,62,59,45,53,55,44,55,74,61,63,56,70,51,55,69,54,43,40,64,53,57,59,52,58,44
E06000059,21,37,32,35,28,48,39,31,46,38,32,44,39,35,40,39,28,51,36,46,62,33,29,38,29,53,40,39,35,33,35,41,43,48,48,50,35,38,38,54,61,50,47,42,50,33,44,47,32,60,31,31,61,42,45,45,45,48,43,36,46,46,41,43,35,32,53,38,49,36,39,49,54,57,48,38,29,40,49,56,35,44,40,46
E07000004,37,26,24,40,40,44,47,40,40,32,41,31,41,51,52,32,41,51,55,44,42,40,32,34,44,39,49,44,42,31,45,42,42,42,45,35,45,20,54,54,49,49,44,33,35,57,38,52,42,48,35,49,36,43,32,34,61,41,44,48,52,38,42,48,46,42,49,67,58,41,58,44,47,51,42,42,49,41,55,34,41,42,41,37
E07000005,44,29,41,33,45,31,36,33,30,33,59,37,37,37,32,35,34,35,42,44,39,32,37,24,36,26,36,33,23,40,27,31,36,23,30,37,32,29,30,38,27,40,30,21,31,34,50,44,35,34,27,20,39,30,38,39,36,17,19,41,39,37,38,46,27,24,28,43,33,45,35,31,28,38,39,24,27,45,30,36,47,38,34,31
E07000006,31,30,28,29,23,28,29,45,22,30,41,36,40,40,34,32,28,31,40,38,39,27,39,31,39,40,32,30,27,32,30,33,32,23,32,29,31,25,45,34,20,39,37,15,30,36,41,39,42,28,31,31,21,46,29,27,27,20,23,32,39,31,33,40,29,42,42,33,37,42,23,36,30,23,24,38,26,41,28,26,34,46,46,42
E07000007,33,36,35,37,49,33,37,45,36,44,40,36,47,37,48,24,25,29,25,39,51,38,36,45,20,39,40,39,37,35,35,38,38,52,39,34,52,40,28,29,42,33,34,35,36,30,32,34,41,41,33,35,47,46,36,33,37,37,27,45,33,30,31,39,44,30,37,36,40,39,42,39,38,41,41,40,31,47,32,40,41,42,39,39
E07000008,26,45,36,33,40,42,35,24,31,32,24,36,32,37,40,34,24,40,35,29,42,33,43,35,45,51,47,35,37,36,32,39,55,46,41,38,36,38,54,59,60,50,27,27,42,101,51,65,71,43,44,36,38,52,50,40,42,27,42,48,42,39,54,40,33,57,94,79,49,107,39,36,48,38,59,44,61,34,47,34,51,53,43,32
E07000009,30,14,34,23,21,27,29,28,8,27,22,37,34,31,28,24,13,46,30,28,32,34,36,37,26,27,38,26,28,31,22,39,41,39,32,27,26,23,21,18,32,28,25,24,25,37,27,35,33,28,27,26,34,39,19,32,29,23,23,22,27,29,37,21,34,25,37,30,21,41,44,31,30,30,31,46,24,35,42,26,25,34,35,38
E07000010,32,21,25,29,40,26,29,33,29,24,24,43,34,28,47,31,35,31,37,32,25,37,24,36,36,31,35,26,38,30,17,34,30,44,26,38,22,24,31,39,27,33,31,32,21,30,28,32,28,31,21,23,45,36,36,38,39,27,30,32,38,35,21,26,29,25,39,34,33,38,31,20,25,27,33,44,31,36,42,32,44,49,27,50
E07000011,35,30,34,35,42,37,27,45,36,34,41,35,36,45,34,46,35,35,26,49,22,34,24,43,41,37,35,43,25,35,40,30,46,31,35,29,34,20,35,46,43,46,29,29,21,41,33,45,34,35,26,36,37,29,40,31,47,23,24,33,44,46,36,27,29,29,41,44,39,39,33,39,24,30,43,43,38,44,36,38,46,41,53,38
E07000012,43,31,31,40,40,43,39,35,24,34,38,34,50,27,39,33,42,34,47,39,47,35,35,32,39,51,40,37,42,33,29,40,45,26,30,41,43,29,43,28,40,47,34,34,44,37,46,36,33,40,37,36,34,29,32,28,39,32,41,48,33,34,35,34,31,39,59,44,40,65,44,42,41,34,37,43,41,40,45,34,53,45,37,41
E07000026,35,22,31,34,49,42,35,33,30,33,36,39,32,25,23,23,15,42,32,35,28,37,28,17,35,34,32,27,39,24,28,27,23,35,26,37,26,30,22,41,31,23,33,34,46,35,37,31,33,20,27,22,42,38,33,40,27,25,21,41,40,37,36,38,34,22,33,43,48,39,37,37,32,47,25,37,31,37,33,44,39,37,42,26
E07000027,26,32,29,28,31,32,36,24,32,32,34,39,41,31,37,24,31,30,34,31,28,20,28,34,35,32,17,32,29,26,42,40,37,31,31,36,28,41,53,36,40,23,33,40,32,42,46,43,43,46,27,43,31,26,25,43,28,35,21,39,27,25,2,37,31,22,44,34,40,24,29,33,32,51,34,41,38,34,28,26,39,45,26,29
E07000028,38,25,34,40,50,34,24,23,26,38,40,36,32,35,19,26,28,33,26,24,18,33,26,23,41,31,35,32,29,29,29,27,43,37,32,32,29,28,24,32,36,38,33,29,32,38,33,41,43,43,24,27,39,28,47,26,37,34,22,37,37,40,34,43,42,24,41,36,44,42,50,45,30,39,53,42,44,31,37,45,49,40,40,48
E07000029,29,49,29,41,31,28,30,24,22,42,51,39,35,33,26,38,20,23,51,30,40,42,33,31,44,34,32,45,34,24,28,46,49,37,31,39,24,37,36,38,32,38,33,28,31,37,44,42,39,41,37,22,38,34,34,39,36,26,34,50,38,36,31,42,26,20,53,50,64,43,39,49,50,36,42,38,38,44,49,52,50,61,32,42
E07000030,22,26,26,24,33,26,21,16,24,26,24,41,25,18,15,21,12,18,32,36,24,23,19,18,27,26,19,23,27,17,9,36,31,24,17,28,14,20,31,32,17,26,35,21,21,27,36,36,17,16,41,20,31,33,28,26,14,25,14,26,36,33,28,28,18,16,41,21,23,18,34,32,25,29,25,30,30,31,33,32,35,22,26,27
E07000031,36,31,27,21,29,23,39,32,25,32,36,37,19,29,25,16,24,32,28,26,37,30,37,18,50,25,20,27,32,37,27,35,29,41,29,20,30,23,28,41,27,35,33,38,29,47,44,39,26,30,42,28,47,28,29,38,42,28,40,34,32,32,19,29,25,28,47,43,38,26,37,35,32,38,48,38,37,36,26,41,28,34,44,36
E07000032,29,18,25,32,33,36,37,20,26,28,34,29,26,20,38,36,39,25,25,46,34,26,32,23,28,22,32,29,28,29,26,29,39,45,19,31,34,29,36,42,50,26,25,35,35,37,34,29,35,46,28,34,32,36,40,32,27,29,32,38,35,33,32,39,35,25,37,45,42,33,41,31,39,29,42,44,38,45,33,32,33,51,36,31
E07000033,21,23,21,33,21,35,26,25,30,16,26,47,31,31,38,22,24,40,42,24,27,19,30,17,33,33,46,28,24,31,21,30,36,30,39,23,16,23,35,26,20,24,26,24,20,43,40,38,22,49,31,35,37,32,52,30,33,27,32,31,33,34,23,23,32,27,45,34,41,39,31,37,28,37,50,40,43,45,45,48,49,48,51,42
E07000034,33,32,28,35,32,40,29,35,21,25,43,32,34,40,38,39,37,38,37,48,41,45,32,27,26,49,50,39,35,45,29,35,37,41,31,35,28,43,40,38,40,46,31,17,35,54,44,46,33,41,33,33,39,48,54,35,37,37,33,47,35,42,33,36,29,68,39,42,43,41,45,32,42,41,52,38,43,35,37,37,39,46,47,53
E07000035,16,25,22,34,21,29,33,50,17,22,14,29,36,17,44,28,19,23,24,28,32,38,40,17,34,29,19,23,24,18,26,26,35,33,12,25,27,41,33,26,39,18,27,36,39,43,37,45,32,32,33,15,29,44,23,19,28,32,22,40,33,32,35,30,36,32,47,34,31,25,28,33,21,24,38,31,44,35,36,39,32,33,41,32
E07000036,17,22,28,28,27,30,25,30,19,27,32,24,33,38,27,31,40,38,29,29,25,22,39,29,27,34,38,26,32,32,21,30,25,35,22,25,33,26,37,46,33,29,25,40,30,40,55,28,25,35,40,29,33,43,41,28,33,31,32,32,28,27,19,30,21,36,34,43,38,24,32,43,45,37,23,34,34,33,42,34,30,34,41,20
E07000037,28,28,40,45,47,49,32,36,24,12,48,47,45,39,42,52,25,52,32,30,34,46,30,23,27,50,35,34,52,29,40,41,73,34,38,27,33,22,59,38,35,38,36,41,27,53,44,47,39,36,24,42,56,53,30,27,35,38,28,68,62,29,25,36,29,23,52,37,45,40,52,32,20,46,38,35,47,71,32,40,60,57,36,62
E07000038,42,26,31,44,32,44,45,40,31,37,52,37,41,34,42,47,26,39,37,39,45,39,24,52,45,38,57,34,39,42,34,45,41,50,35,41,31,46,51,35,43,43,45,36,40,46,42,36,54,34,40,40,49,36,36,42,33,34,35,56,45,41,31,41,28,36,50,34,39,38,45,38,35,42,40,33,44,51,62,41,55,54,52,41
E07000039,26,13,21,33,22,25,37,43,33,22,34,33,27,19,25,31,38,43,31,34,19,37,24,25,29,43,27,26,24,23,33,24,33,28,39,26,28,35,39,45,37,37,36,36,37,32,43,39,37,46,32,30,43,32,27,42,37,20,26,40,33,46,32,27,28,26,35,40,45,35,32,35,34,42,29,41,34,32,44,22,30,39,35,30
E07000040,34,35,34,31,43,36,34,28,30,23,29,39,51,37,33,26,27,31,29,37,32,43,28,32,40,24,32,38,29,35,36,44,33,36,27,27,29,52,38,39,46,37,44,39,32,41,26,13,13,18,6,7,15,13,22,38,36,40,33,36,46,37,33,42,49,41,55,37,45,31,31,45,62,47,50,60,38,37,41,40,46,49,40,53
E07000041,34,22,27,35,28,35,33,40,21,27,24,38,32,36,40,31,52,42,41,26,55,33,34,29,78,46,51,42,36,28,33,39,45,39,40,35,28,42,47,46,49,45,43,36,32,44,40,22,20,27,14,2,16,22,21,34,40,38,47,49,48,52,34,36,58,43,69,56,59,56,44,49,46,60,49,53,48,55,32,44,51,46,38,52
E07000042,23,20,32,23,20,29,29,18,16,21,28,25,35,29,26,17,33,40,29,41,24,29,28,42,37,32,28,28,36,39,18,28,32,20,17,22,18,31,31,28,37,15,31,20,37,28,27,14,6,11,12,6,9,11,18,28,30,28,29,33,44,34,23,40,30,27,29,37,39,26,31,36,30,45,34,45,48,40,29,40,35,49,43,40
E07000043,48,36,28,26,31,27,35,40,35,38,31,26,37,42,39,31,39,43,33,24,27,31,39,37,33,40,34,28,41,19,17,23,30,29,20,41,24,23,30,37,35,17,41,32,23,35,24,9,17,31,11,13,18,38,29,34,36,32,32,41,28,32,27,46,26,35,40,48,42,24,35,41,35,40,31,32,42,42,42,44,51,45,42,33
E07000044,26,25,33,30,23,25,28,37,25,28,30,37,36,26,27,28,33,37,35,27,38,30,25,29,35,33,37,29,34,34,36,35,26,31,25,29,39,27,36,30,38,26,27,18,23,39,39,27,35,22,22,23,31,31,22,22,36,18,31,36,36,31,33,27,35,33,39,40,40,32,29,34,30,44,29,36,29,36,34,36,39,39,50,28
E07000045,44,36,34,40,28,43,39,45,31,27,37,45,43,36,47,46,31,40,35,40,38,34,37,30,47,27,34,28,32,31,29,36,44,37,42,27,45,42,34,40,42,43,25,28,36,35,30,43,42,29,10,30,41,29,36,30,46,33,40,53,33,57,47,44,51,37,43,37,38,38,31,34,33,45,36,37,36,47,61,52,40,50,30,35
E07000046,28,19,14,43,41,17,33,31,25,25,33,28,35,34,31,25,12,25,30,20,33,28,27,22,33,33,10,13,29,16,20,23,14,26,19,23,17,14,38,29,23,18,21,22,24,23,17,6,22,11,7,14,9,21,10,21,21,19,18,22,25,33,18,27,35,31,27,29,31,30,27,34,27,29,26,43,28,35,24,34,50,34,35,41
E07000047,28,24,18,26,23,34,18,28,12,17,33,28,33,25,26,27,24,32,24,34,17,34,19,26,31,27,30,24,28,34,17,30,23,24,22,29,22,18,30,29,34,27,35,15,24,24,26,30,19,22,6,25,21,36,25,28,16,32,24,45,23,31,31,31,37,31,39,29,35,27,17,43,29,37,26,33,23,33,19,36,38,30,24,32
E07000061,39,31,22,16,34,26,21,27,33,36,28,41,31,33,38,29,24,24,33,23,41,40,33,19,27,34,30,28,32,20,24,39,29,27,27,31,22,17,31,28,28,24,24,31,26,34,27,31,24,38,28,21,23,33,28,21,33,24,35,28,26,31,14,31,27,30,42,43,22,31,42,24,43,47,36,23,33,41,47,33,43,31,28,35
E07000062,32,25,27,31,35,28,25,26,23,36,35,18,33,28,41,35,52,36,29,35,33,30,26,26,26,27,37,29,33,26,38,25,32,27,28,37,32,35,48,33,37,38,44,39,29,25,25,28,25,40,31,31,41,36,21,29,32,26,25,32,30,25,25,37,27,32,38,29,28,28,36,37,32,32,44,36,31,44,29,39,40,25,39,34
E07000063,29,36,17,22,23,24,21,32,26,25,36,32,30,20,23,21,14,28,45,36,33,28,27,20,33,47,28,27,30,29,14,29,27,29,30,29,39,27,37,27,41,38,25,26,18,41,33,28,31,35,39,26,26,23,7,33,45,27,19,43,34,34,37,36,33,26,28,28,46,42,28,25,22,39,29,34,30,41,39,33,39,40,36,37
E07000064,28,19,22,31,31,25,22,35,28,16,28,37,28,33,32,16,26,35,44,24,24,31,27,26,33,30,30,31,34,24,24,24,16,23,33,29,23,21,35,23,35,31,35,34,23,34,29,20,40,35,27,18,27,40,22,17,32,40,28,32,38,27,37,40,26,30,34,42,39,46,16,23,28,42,39,31,38,51,63,20,35,41,27,30
E07000065,25,27,30,25,31,21,31,40,29,30,28,45,23,38,52,27,27,30,34,37,33,41,32,32,40,25,39,17,40,33,24,32,37,35,36,36,28,30,36,36,28,24,37,27,22,42,32,36,46,30,23,39,34,32,29,28,36,38,33,41,37,37,31,44,45,40,42,32,27,33,50,42,42,62,48,46,32,48,36,37,42,43,34,35
E07000066,47,41,40,41,34,34,32,39,48,31,42,37,30,45,37,47,33,39,32,47,42,28,42,30,38,51,43,30,39,36,33,30,33,45,32,48,40,32,55,40,49,48,45,51,42,40,40,46,37,49,37,50,39,57,34,33,47,47,30,48,47,31,56,41,34,44,81,52,43,53,37,37,45,71,40,31,44,50,54,31,45,64,71,49
E07000067,31,28,32,38,31,45,30,44,33,35,45,37,44,36,48,42,33,32,51,40,31,38,33,38,46,31,44,36,30,33,37,37,38,28,33,35,32,32,42,34,21,31,30,42,33,42,35,42,42,31,18,44,43,36,44,32,43,30,27,43,41,35,39,31,33,44,30,27,40,32,44,43,34,41,27,36,38,55,48,41,45,42,53,36
E07000068,26,27,18,23,40,36,23,27,28,20,29,33,44,30,36,38,24,46,31,37,39,37,21,17,33,36,38,24,35,23,24,40,20,45,30,32,26,37,26,38,23,34,36,35,31,36,31,40,39,47,38,18,32,42,27,36,41,34,29,40,42,24,34,31,37,6,31,40,27,35,36,31,26,30,30,31,32,40,27,31,30,48,43,27
E07000069,28,19,22,27,38,31,33,35,25,41,47,46,32,39,38,35,28,27,31,40,37,27,24,36,36,37,31,35,33,24,27,46,35,38,23,37,38,29,41,21,39,31,26,44,29,41,33,43,32,36,36,32,53,33,30,34,34,40,29,32,24,31,29,45,26,21,42,38,34,36,35,28,26,27,30,38,45,39,33,26,31,42,62,44
E07000070,51,49,32,29,36,28,27,56,33,38,35,40,46,40,30,32,35,32,37,27,38,37,30,29,28,34,37,42,37,43,30,33,34,30,39,26,33,22,40,42,55,37,44,28,32,31,51,46,49,35,38,36,54,42,45,39,40,41,35,31,48,33,34,34,35,27,44,46,32,47,38,49,38,35,30,29,39,50,41,37,44,43,34,35
E07000071,26,45,39,32,31,33,36,40,37,43,35,43,45,39,45,40,38,32,37,27,45,36,35,33,37,49,39,39,32,34,30,40,29,33,34,30,27,34,37,36,45,69,53,45,40,43,49,48,76,38,28,35,42,32,29,37,46,50,29,35,40,41,31,31,32,38,53,32,39,52,44,42,38,29,52,45,33,30,31,30,37,58,58,37
E07000072,34,34,23,43,48,29,33,38,23,22,44,35,27,29,39,34,31,26,30,34,40,42,32,39,43,41,34,38,52,33,36,24,40,30,33,35,35,40,49,28,47,33,36,41,28,26,48,33,36,40,43,40,47,28,28,48,34,44,25,38,31,33,35,26,31,31,39,41,34,34,43,38,39,42,37,45,33,54,54,47,43,41,35,40
E07000073,31,19,28,25,33,30,32,30,29,38,33,41,33,42,31,24,32,43,36,34,33,42,29,28,35,28,39,25,39,35,31,42,38,25,35,28,29,31,44,43,44,38,26,43,24,38,24,24,30,31,19,26,41,20,32,24,34,28,21,35,31,22,27,22,29,26,26,34,33,25,31,38,32,57,44,47,33,49,37,34,40,49,38,50
E07000074,32,26,35,32,30,35,22,33,25,27,32,35,23,26,21,24,23,34,26,31,21,25,30,32,30,22,35,28,24,14,29,36,35,23,30,30,22,22,25,19,25,27,29,19,22,29,27,21,24,34,23,34,30,32,23,16,36,21,18,26,29,30,22,18,23,16,30,42,27,21,19,28,23,36,24,37,26,38,29,26,41,37,38,33
E07000075,26,31,34,34,29,30,32,45,18,28,25,22,27,31,35,24,30,34,30,38,35,29,26,28,42,45,23,32,33,35,16,29,32,40,29,31,34,24,30,46,34,28,35,18,35,37,28,43,35,32,32,31,33,32,31,34,32,25,29,33,30,28,33,43,41,34,37,30,26,33,29,31,38,37,42,47,34,50,39,22,35,43,52,36
E07000076,33,37,35,30,31,36,21,32,28,32,24,34,37,25,32,41,31,31,43,38,23,26,25,42,39,40,33,41,34,30,28,33,25,29,29,35,28,33,42,49,35,41,52,53,48,51,42,32,29,33,36,38,33,35,26,33,36,27,34,32,42,38,31,41,36,30,32,40,41,37,44,33,38,37,45,44,43,43,39,42,41,44,41,40
E07000077,28,26,16,34,40,31,33,35,23,27,18,26,38,29,30,22,19,32,28,38,36,40,33,29,43,37,29,38,30,43,22,30,29,29,38,36,34,23,25,30,37,31,27,43,20,34,29,48,29,34,34,20,29,24,31,25,44,33,19,29,30,36,29,30,26,16,33,31,38,27,34,20,22,34,43,30,31,27,40,37,39,36,36,41
E07000078,26,16,27,31,26,20,36,35,36,24,38,34,47,28,39,22,35,43,40,27,33,43,18,21,31,38,31,28,34,28,29,29,35,32,22,38,27,26,49,31,31,31,43,45,36,32,31,26,28,37,23,27,45,44,29,34,34,32,27,40,38,34,24,37,29,26,44,39,29,31,40,27,48,43,30,47,38,37,34,43,41,52,41,37
E07000079,16,14,19,28,19,20,28,22,19,24,38,25,34,32,25,24,21,35,40,36,30,14,18,14,36,25,31,30,25,24,26,28,24,35,36,24,28,24,42,22,29,34,32,15,19,31,23,32,26,23,21,13,21,34,29,33,34,11,21,35,25,23,24,34,31,22,27,34,23,21,34,20,40,35,30,35,25,31,29,21,45,43,34,41
E07000080,22,17,23,35,29,23,30,25,21,18,26,36,36,21,32,23,36,31,31,19,32,38,17,23,38,27,41,22,25,28,17,31,21,27,22,22,27,17,31,26,31,21,30,27,27,29,29,28,22,22,11,25,27,26,22,18,25,14,22,44,38,36,20,31,27,35,27,41,38,45,35,26,33,38,39,32,32,31,38,33,50,37,46,31
E07000081,21,25,19,34,30,35,38,23,28,33,44,40,30,20,32,39,27,29,42,30,34,29,34,18,34,35,31,31,38,32,36,40,29,35,23,40,48,35,36,27,33,40,31,22,21,35,43,35,24,37,37,27,40,30,33,27,47,25,30,43,40,44,33,35,43,38,37,41,45,39,53,40,33,36,38,33,52,48,38,43,36,49,52,49
E07000082,28,13,21,23,32,21,24,22,30,15,35,35,31,31,35,17,27,45,43,40,25,25,25,33,42,36,40,36,27,31,31,33,49,22,29,26,23,21,26,22,38,25,23,36,30,32,29,28,20,32,17,24,42,33,28,42,33,25,24,33,40,40,25,25,31,36,38,43,40,29,38,35,35,37,40,28,34,40,36,41,39,42,48,19
E07000083,22,20,23,34,21,30,25,30,25,21,43,25,40,38,20,22,28,34,50,39,33,26,18,26,37,29,28,17,35,30,22,25,37,25,25,25,20,25,41,25,19,28,42,20,21,32,27,32,36,29,23,11,33,30,22,21,33,24,35,34,28,29,30,35,20,28,31,27,38,33,43,33,34,34,44,40,37,31,23,30,44,34,57,35
E07000084,32,42,26,39,22,42,36,34,41,37,44,47,47,40,38,48,41,32,35,44,46,30,39,30,40,29,46,35,37,48,27,34,37,47,32,41,36,54,36,35,49,38,52,41,38,33,41,45,37,28,41,33,28,27,38,35,34,43,40,27,49,41,24,41,33,38,26,34,29,42,32,45,49,26,36,43,37,38,43,44,50,67,34,45
E07000085,39,27,25,30,45,36,28,39,32,32,32,35,38,41,39,33,36,38,23,27,32,38,29,25,30,32,37,34,38,24,26,30,26,28,38,35,33,25,35,31,41,30,40,43,37,42,35,34,33,30,27,34,27,38,36,29,34,27,36,38,37,32,35,44,34,27,33,37,44,38,29,29,28,34,38,38,30,32,40,45,48,44,41,43
E07000086,32,34,26,42,37,40,32,33,30,35,31,35,42,34,37,41,54,34,30,42,31,33,25,24,39,43,24,33,33,26,38,31,38,44,27,40,33,29,47,34,38,34,28,57,31,49,45,45,41,33,29,31,34,28,32,32,41,36,34,52,43,31,26,43,49,25,45,39,32,40,52,48,36,40,43,44,42,40,26,34,31,42,33,39
E07000087,28,29,24,33,28,34,41,41,37,25,31,46,26,33,29,25,29,27,30,39,27,27,21,23,30,26,40,28,36,22,30,35,31,40,37,36,31,34,36,40,37,20,35,30,48,48,30,43,67,34,32,33,40,32,42,27,41,24,37,36,27,29,37,41,48,37,39,32,36,36,32,37,26,43,42,37,29,37,34,44,47,30,39,27
E07000088,19,24,20,24,29,24,31,23,30,28,32,27,38,28,33,30,25,36,31,34,25,22,28,22,32,33,28,28,31,18,32,21,26,41,39,34,33,22,32,35,32,29,33,26,38,27,26,27,18,19,31,31,43,35,32,24,25,20,22,25,39,30,30,33,35,28,41,30,32,25,36,25,22,40,36,38,25,31,30,31,38,35,43,17
E07000089,30,21,28,30,34,25,23,44,33,24,37,36,36,27,21,47,40,35,20,29,30,34,35,29,34,34,36,13,35,33,32,24,27,35,34,28,28,34,33,37,24,34,26,24,25,27,33,34,29,38,30,21,37,24,29,35,42,27,40,30,37,19,30,34,33,33,29,31,35,37,39,39,32,39,36,34,39,45,39,32,43,35,36,40
E07000090,28,27,24,28,27,23,33,30,33,25,33,36,31,45,37,37,31,23,36,27,29,25,29,36,30,30,36,46,36,37,23,29,35,26,44,35,35,35,36,26,31,27,33,18,37,39,31,33,29,30,31,31,41,30,37,36,31,33,32,31,31,39,32,36,54,35,33,39,43,29,38,31,36,45,34,51,29,46,38,35,49,45,43,36
E07000091,36,30,35,34,26,41,34,43,31,37,20,32,35,47,36,29,53,37,33,38,26,44,38,33,29,41,32,27,46,29,38,36,50,40,41,38,37,37,47,29,47,24,42,37,43,45,48,29,49,37,38,25,40,35,35,40,29,31,27,35,40,31,42,23,44,37,43,34,36,32,44,38,28,45,42,43,29,34,30,53,38,52,42,51
E07000092,22,35,26,27,46,27,26,28,34,46,27,42,43,27,37,23,30,34,26,41,46,31,26,34,39,27,42,29,27,40,28,32,31,35,37,30,27,24,39,36,44,37,40,25,27,35,31,41,36,40,34,33,42,30,41,32,41,35,31,31,46,46,33,31,21,39,37,35,30,42,23,35,34,35,38,39,27,33,48,45,34,40,46,35
E07000093,39,41,25,39,40,27,25,44,40,21,38,47,39,34,40,32,39,40,39,42,43,36,25,43,32,44,39,34,32,30,36,30,30,40,41,38,39,47,42,38,33,32,36,40,37,50,47,38,35,40,32,31,34,43,37,48,30,35,44,38,49,25,31,35,28,47,37,44,46,37,34,30,47,40,46,38,33,32,43,36,37,30,35,31
E07000094,41,37,34,35,48,47,38,27,28,30,44,37,37,46,38,41,34,32,35,36,42,39,29,33,34,43,40,30,28,35,37,34,45,36,42,34,40,29,39,46,42,48,44,42,33,32,36,43,38,36,32,20,43,26,36,44,43,29,33,30,39,50,46,31,38,42,48,44,35,39,38,43,25,45,42,44,40,44,41,44,49,34,48,55
E07000095,35,21,27,33,23,31,30,37,26,37,33,45,35,43,33,46,34,38,38,35,35,40,25,29,37,26,38,40,34,39,39,34,26,44,38,38,49,31,40,39,35,24,44,38,30,30,35,27,29,36,29,20,37,39,30,30,46,38,20,39,49,34,42,46,31,26,42,33,30,31,31,25,43,45,33,43,30,36,42,32,46,51,42,33
E07000096,39,28,35,34,45,40,45,33,36,34,48,43,31,32,50,29,29,33,28,35,31,47,41,36,39,41,33,36,29,33,28,51,46,31,32,36,33,37,38,45,45,46,32,42,39,36,42,36,51,45,50,42,47,30,36,45,42,47,39,48,27,29,28,36,34,26,30,39,40,39,37,29,40,40,30,32,32,51,51,49,55,42,39,47
E07000098,28,25,21,26,31,39,34,42,24,25,44,49,43,41,48,32,37,35,45,34,28,36,33,37,49,33,32,51,39,28,30,29,35,34,31,39,43,34,36,38,36,32,38,35,40,46,33,38,44,38,48,24,33,43,35,47,41,29,32,49,41,25,35,47,27,30,38,31,40,42,27,25,46,31,42,30,36,40,41,47,47,39,45,42
E07000099,22,32,25,33,27,37,35,39,23,40,45,36,45,31,43,34,22,29,34,31,35,27,33,39,42,34,35,34,37,36,29,29,41,37,35,34,40,34,31,32,34,38,35,33,35,25,26,36,39,26,45,19,44,40,34,33,42,40,25,20,35,33,38,21,42,29,37,35,37,37,31,27,27,28,34,33,37,47,24,25,49,48,30,40
E07000102,26,18,31,34,39,32,30,42,32,23,34,41,32,30,34,30,40,37,41,41,36,44,26,36,45,23,28,28,46,36,42,49,36,44,29,30,29,31,30,33,24,39,32,39,29,30,46,41,34,33,37,37,46,27,31,32,36,39,30,39,36,41,37,51,33,39,25,30,30,38,39,36,25,42,35,40,34,46,41,40,57,31,49,28
E07000103,34,25,27,32,45,39,42,36,30,34,38,34,37,42,43,30,31,37,19,31,36,40,33,35,32,40,40,38,37,40,34,39,57,38,38,32,38,36,30,47,40,30,39,30,36,41,54,30,28,31,28,30,44,35,42,42,31,25,35,33,29,43,41,38,28,32,28,44,32,40,41,34,38,44,41,40,30,34,36,44,36,47,48,47
E07000105,25,37,25,29,30,31,51,43,35,35,45,49,40,46,26,44,32,38,33,40,34,28,27,33,28,40,23,34,30,24,33,37,25,39,38,40,48,33,18,34,36,32,36,31,38,39,29,35,33,39,33,36,32,38,37,19,40,42,45,41,44,40,46,27,41,28,48,29,32,45,35,32,33,49,36,47,45,38,44,46,50,49,44,50
E07000106,29,29,26,29,27,36,39,33,28,33,50,39,34,48,48,31,20,28,40,44,33,30,40,34,30,44,35,33,46,35,21,50,32,41,42,29,47,27,30,36,39,36,32,44,31,35,32,36,34,31,44,33,32,36,26,25,38,38,31,31,36,36,38,44,43,28,32,54,46,34,37,31,46,44,35,45,38,48,34,42,46,48,50,72
E07000107,31,32,20,40,36,37,35,38,28,31,32,23,36,31,32,41,26,41,38,48,27,39,23,28,29,40,32,33,31,24,36,39,28,39,33,39,24,33,23,41,33,32,42,38,25,29,39,34,41,27,33,21,48,26,26,42,32,27,26,33,48,28,30,34,31,24,39,33,33,44,46,28,24,41,48,38,50,43,36,36,45,48,35,33
E07000108,28,26,21,33,32,37,40,36,38,30,32,41,29,28,27,29,24,35,35,29,41,40,37,31,33,35,24,31,35,33,41,30,30,32,32,36,31,30,38,24,36,29,32,35,25,29,31,33,26,28,33,20,27,29,32,27,40,15,35,41,34,24,39,31,35,27,27,33,41,30,32,36,26,28,39,40,44,38,53,32,52,52,43,44
E07000109,29,19,23,24,32,29,33,21,27,23,37,40,33,33,25,29,19,44,14,26,39,28,27,24,34,44,31,32,27,32,24,42,29,39,26,27,26,19,27,29,22,37,28,29,36,36,36,28,33,34,17,31,31,37,32,31,19,35,33,33,33,33,40,31,27,23,37,40,33,41,36,26,28,40,31,31,33,49,32,39,54,50,44,37
E07000110,33,34,35,43,28,35,30,43,42,37,52,50,44,40,39,32,50,49,31,36,21,35,39,34,33,32,38,30,45,31,42,35,35,38,38,38,33,36,32,47,43,28,41,33,31,32,40,37,43,39,37,39,44,44,39,47,39,43,33,44,36,36,56,45,38,27,49,45,29,38,39,29,39,49,27,71,51,51,44,56,51,54,60,63
E07000111,27,25,31,35,38,32,29,41,33,25,23,43,46,36,30,30,25,29,27,33,31,29,28,34,48,33,46,33,41,31,37,36,27,33,32,34,20,22,36,40,30,37,36,40,25,46,33,52,28,45,33,26,34,34,37,30,42,28,22,49,32,51,21,28,24,37,35,43,36,36,33,38,31,34,39,36,30,48,44,30,42,64,40,29
E07000112,30,20,35,43,40,32,38,31,29,24,39,35,46,34,28,43,43,38,29,43,39,39,36,34,33,30,34,29,34,30,41,26,24,27,46,24,38,30,28,30,43,28,37,29,40,48,39,35,34,38,31,26,37,43,32,33,38,27,32,37,31,25,29,34,41,34,40,39,32,32,34,37,29,48,30,38,35,37,48,41,42,46,44,45
E07000113,25,33,21,29,45,38,29,30,26,24,33,35,39,25,31,30,18,40,28,41,36,34,37,32,21,35,35,27,21,29,34,28,25,36,28,46,24,26,39,47,27,42,50,43,33,56,34,40,37,44,45,31,42,38,42,44,43,37,37,51,41,35,48,49,24,29,45,40,59,53,51,21,31,55,43,70,54,51,41,51,50,41,71,63
E07000114,30,39,32,28,49,26,44,45,30,28,38,39,46,37,36,25,37,38,46,36,39,36,38,20,45,38,30,35,42,34,41,35,31,38,28,42,28,31,45,37,28,29,31,45,28,42,42,24,35,30,48,29,40,44,37,46,41,42,32,41,42,24,41,50,43,29,42,35,34,44,54,50,35,43,56,59,42,55,45,47,65,61,68,64
E07000115,33,31,24,28,27,36,29,41,27,36,46,44,40,45,42,34,42,40,34,34,30,34,39,23,32,37,24,35,41,23,31,31,45,52,31,41,33,31,45,44,31,25,43,29,42,35,19,26,52,42,27,28,30,45,28,36,33,31,30,30,48,39,47,36,34,34,51,44,40,28,38,33,33,41,43,47,46,39,44,36,47,55,41,53
E07000116,30,29,26,48,27,24,44,32,36,27,51,40,30,49,31,33,32,43,35,29,31,48,41,44,36,49,36,46,31,34,30,33,42,42,48,39,22,31,38,45,36,34,43,27,35,48,41,20,47,43,34,29,29,29,37,39,42,25,30,36,31,38,27,30,29,35,59,44,34,32,39,39,33,49,49,34,52,49,43,50,34,55,47,49
E07000117,36,41,46,41,49,50,45,36,62,49,39,47,69,25,41,65,55,59,47,79,32,28,100,64,58,68,74,30,39,74,65,73,93,79,32,34,55,64,46,34,39,45,22,26,22,44,36,42,40,31,29,33,28,31,29,26,41,39,21,16,35,32,24,25,35,32,38,33,27,40,31,22,38,38,45,29,53,29,37,28,44,29,32,39
E07000118,25,31,35,31,38,37,32,31,35,37,37,36,29,34,26,19,25,32,36,32,32,41,33,34,29,43,32,34,31,37,23,49,33,43,30,30,33,28,45,23,44,37,36,39,48,48,41,46,34,31,29,31,30,41,41,33,38,21,34,42,36,33,43,22,27,29,44,26,39,43,25,39,43,54,40,35,35,39,47,37,41,39,38,44
E07000119,34,24,20,31,36,37,34,42,35,32,26,33,43,26,39,22,28,37,29,32,42,28,38,31,45,39,29,32,31,42,28,45,32,42,19,30,32,31,43,26,28,44,36,36,35,41,32,34,26,50,27,19,35,26,33,31,26,32,22,23,33,53,33,19,19,30,43,37,38,27,27,47,30,33,35,43,40,51,41,34,33,47,41,37
E07000120,37,40,32,39,50,46,60,37,42,43,75,45,53,31,32,41,29,45,53,42,21,42,47,30,39,47,36,23,35,38,39,39,66,41,35,36,32,40,35,36,40,22,27,26,27,35,27,33,24,21,11,32,32,29,31,26,28,29,19,37,32,39,24,32,22,34,24,38,24,37,43,34,34,33,46,31,30,31,30,27,31,30,39,39
E07000121,33,39,39,39,43,40,36,47,35,36,39,39,45,43,40,40,33,42,39,35,35,37,33,45,43,29,38,47,56,37,28,36,54,38,33,55,42,28,43,49,43,31,45,35,45,43,74,66,45,48,55,49,57,41,39,57,56,58,41,47,39,38,29,44,45,47,52,37,49,34,47,45,39,48,44,29,43,42,49,44,47,62,38,44
E07000122,26,29,38,51,42,34,45,50,43,49,66,47,52,31,24,41,46,35,48,37,23,30,53,44,38,44,50,22,40,34,54,54,34,43,34,47,53,53,45,37,40,42,29,28,20,24,37,35,35,37,27,27,36,41,30,23,34,29,24,32,36,33,31,27,25,34,28,46,18,37,40,42,34,30,44,38,26,24,33,45,35,32,51,39
E07000123,41,37,35,53,71,41,64,62,61,52,75,58,72,27,52,90,53,50,71,57,36,50,82,61,68,65,63,38,56,71,35,81,60,70,48,49,61,65,48,44,54,60,32,35,44,57,68,49,57,42,39,42,37,56,42,49,49,46,45,55,43,41,42,50,38,40,49,59,44,36,44,54,36,31,51,44,39,44,50,36,43,36,56,59
E07000124,29,22,16,32,23,22,42,22,25,34,42,49,37,23,21,27,18,29,33,19,42,18,24,14,30,37,12,22,17,22,37,24,30,24,30,34,20,18,30,19,23,14,14,24,21,27,24,39,24,26,19,20,41,24,20,22,28,23,26,30,31,20,22,25,14,27,16,24,22,29,31,24,27,35,32,31,25,38,33,36,32,38,34,41
E07000125,32,39,37,35,23,40,34,27,40,42,45,36,33,31,20,27,28,27,27,37,33,23,28,24,27,26,39,32,22,34,34,42,30,42,21,19,32,31,32,26,15,32,25,19,20,26,31,25,34,25,27,23,20,38,29,24,46,26,10,26,20,33,18,38,26,21,40,21,19,26,31,40,17,23,33,39,32,37,26,33,31,44,30,34
E07000126,37,28,40,36,38,43,32,38,39,37,38,34,28,31,26,40,33,41,41,40,45,30,34,24,42,27,38,33,15,30,40,36,47,40,50,32,33,31,38,30,36,35,38,53,23,32,48,46,34,37,40,34,41,27,32,34,30,37,31,44,44,27,30,33,24,30,36,40,31,38,32,25,32,44,43,38,41,42,30,35,49,48,30,40
E07000127,34,40,32,27,43,33,25,41,35,32,36,28,36,34,21,14,37,47,40,35,42,36,26,38,37,56,44,33,31,25,30,39,40,51,39,34,25,38,55,47,40,50,47,36,37,43,27,47,58,39,39,42,44,53,49,39,41,44,43,46,40,26,37,44,27,28,39,46,36,28,45,24,30,43,36,39,32,29,44,36,45,40,50,41
E07000128,18,26,37,41,36,35,31,45,40,40,36,35,38,31,46,37,28,33,35,34,46,27,42,36,30,41,28,25,33,32,39,38,45,40,41,38,41,34,44,49,40,41,49,40,46,40,33,42,50,47,42,40,63,38,46,36,44,38,41,32,36,36,29,31,31,35,42,49,35,35,42,42,23,47,39,30,40,52,64,37,46,41,33,39
E07000129,26,22,27,46,36,24,33,27,27,24,30,30,38,30,30,30,24,41,38,30,24,36,22,21,35,31,26,26,27,23,22,36,38,40,27,35,25,23,45,38,28,28,28,24,34,30,36,32,27,32,23,36,48,36,40,36,34,24,16,29,46,30,33,28,34,30,36,38,25,32,30,39,31,32,36,34,39,52,40,26,23,29,34,29
E07000130,32,32,32,25,44,40,48,32,43,26,50,31,43,40,33,46,37,39,39,28,35,36,33,28,32,40,49,30,29,50,33,41,37,31,40,36,31,26,31,34,47,39,37,32,39,51,41,36,29,46,43,36,40,42,41,37,41,42,30,35,37,37,43,51,24,37,40,38,39,49,41,48,19,35,56,37,29,42,37,36,38,39,30,34
E07000131,22,16,30,31,27,23,30,35,35,11,35,28,32,28,24,25,22,34,23,38,34,36,33,19,22,26,30,24,48,37,28,39,20,29,34,36,25,23,24,35,41,47,30,29,19,29,27,29,21,27,21,24,31,34,34,25,34,31,31,25,30,39,26,27,18,33,40,29,34,28,25,32,27,39,38,37,45,40,31,43,33,42,48,30
E07000132,30,26,24,27,29,22,24,36,27,33,39,29,39,34,26,42,29,36,30,31,30,33,27,31,39,38,29,31,36,36,21,36,22,26,30,28,40,25,45,38,33,40,36,38,30,42,44,43,37,32,35,34,32,31,35,31,29,29,30,38,33,47,25,33,29,38,28,36,37,34,35,23,26,44,50,25,39,40,34,32,41,39,35,35
E07000133,18,17,15,21,13,33,14,11,26,29,21,20,18,15,25,26,19,21,21,29,16,17,17,20,23,24,20,14,26,11,8,32,17,23,21,11,21,11,18,27,22,22,14,18,15,27,20,25,21,24,9,19,23,22,21,17,33,21,25,27,24,21,22,24,25,27,18,19,20,17,28,30,18,21,18,18,21,35,22,26,34,28,39,29
E07000134,26,29,18,27,38,29,26,22,22,35,24,34,29,23,36,24,28,38,29,35,27,22,36,27,24,42,27,27,21,23,30,46,39,30,32,41,36,18,34,42,19,42,25,38,35,41,31,35,35,35,26,32,44,32,28,32,43,31,31,48,33,32,34,36,26,34,35,33,20,35,32,33,23,32,40,32,46,45,27,37,33,33,35,21
E07000135,37,11,17,37,23,29,31,28,19,24,27,22,27,27,38,18,14,36,30,23,20,33,24,17,41,36,31,27,34,22,27,42,36,32,27,34,30,23,41,35,38,40,29,12,18,30,34,37,32,24,30,22,34,38,29,53,24,27,14,43,27,23,37,28,30,25,39,29,23,40,31,20,19,34,40,30,34,46,44,35,38,42,30,29
E07000136,38,18,24,27,24,25,32,27,27,25,32,32,28,31,32,21,15,36,30,41,34,34,15,25,30,27,32,23,20,25,31,33,24,25,28,20,39,25,36,36,47,24,33,30,23,42,25,19,38,33,31,26,48,35,33,33,37,14,27,38,22,33,45,26,28,45,30,56,50,58,39,40,37,50,21,42,38,49,45,51,52,40,64,34
E07000137,39,20,34,39,35,35,50,30,32,23,34,31,51,31,41,24,27,36,42,50,36,22,32,33,32,31,33,51,42,32,36,25,49,26,43,41,28,25,44,24,31,23,28,37,29,37,44,28,27,31,45,33,46,32,40,37,41,31,29,38,40,67,60,30,38,44,49,43,48,35,61,39,43,43,48,52,39,45,55,44,52,49,53,45
E07000138,31,26,24,31,33,27,31,14,23,17,42,32,52,48,43,25,19,50,39,29,35,41,35,34,39,32,29,15,24,29,26,29,34,28,26,17,33,21,29,29,38,25,28,21,25,26,31,41,31,35,32,18,32,27,23,25,46,21,30,46,46,31,31,35,21,33,39,40,35,42,34,35,32,53,57,40,43,44,40,35,44,59,31,47
E07000139,30,22,13,49,24,33,38,26,43,26,31,32,23,25,40,33,11,39,41,34,28,38,30,27,27,30,31,34,20,25,37,37,29,32,39,29,29,24,27,44,30,34,30,30,24,28,38,43,33,36,39,26,37,29,23,26,27,31,32,27,34,36,24,50,29,33,39,48,33,36,37,35,33,41,38,40,35,32,41,21,42,36,38,38
E07000140,27,19,23,32,44,28,26,30,34,27,35,30,30,26,35,25,16,32,20,26,27,27,34,24,25,33,31,30,32,42,23,27,33,37,29,21,25,29,41,33,28,24,25,30,31,36,28,29,40,26,26,26,20,34,25,44,34,34,24,18,40,26,37,31,30,26,45,27,33,36,43,35,27,36,34,34,30,33,27,29,44,43,39,37
E07000141,28,33,23,26,30,31,14,31,34,39,31,34,42,41,34,44,29,38,32,28,37,34,37,28,42,42,45,28,35,35,29,42,32,40,29,33,31,21,36,40,31,29,32,42,32,42,33,40,37,33,18,41,42,45,41,48,38,34,34,45,34,29,40,40,25,34,35,31,33,40,31,26,45,41,39,42,43,51,48,33,42,51,39,30
E07000142,21,39,25,41,26,16,42,34,33,32,37,20,35,25,35,42,19,33,29,32,30,31,31,32,27,32,33,35,37,33,35,19,30,27,33,30,21,30,30,25,24,29,14,30,28,47,33,33,38,31,23,17,25,38,32,18,32,14,27,26,36,36,41,31,22,30,47,30,18,28,40,30,29,28,33,41,39,32,41,22,38,64,44,33
E07000143,27,28,29,34,29,33,37,24,33,28,31,33,29,40,34,44,40,30,27,21,41,33,39,37,30,34,29,24,35,30,28,40,34,23,33,33,31,33,22,46,25,32,26,33,27,43,28,53,59,71,35,32,36,42,35,43,29,30,34,22,32,38,32,46,35,35,33,39,36,33,42,26,28,34,29,31,31,28,41,35,40,46,51,37
E07000144,36,29,27,30,48,35,37,26,41,37,41,41,36,30,23,34,32,32,28,33,34,25,29,27,26,25,19,19,27,30,22,31,34,37,36,34,33,36,30,27,23,32,35,29,23,41,39,43,34,37,29,43,27,47,24,35,27,28,25,25,30,42,38,34,27,31,35,44,38,35,34,35,29,31,30,35,25,53,44,39,38,41,36,30
E07000145,32,21,32,33,21,31,29,34,26,20,31,40,41,38,39,29,24,24,33,33,35,32,31,34,34,30,23,22,24,17,30,31,40,27,26,31,31,21,24,49,44,62,51,24,25,46,28,42,27,32,27,33,37,46,41,40,29,41,39,33,50,34,44,34,41,47,35,35,34,29,33,27,24,38,33,25,39,38,29,36,36,31,37,35
E07000146,25,36,34,29,44,39,33,31,33,24,47,41,35,45,36,36,38,35,45,30,33,32,40,21,34,50,37,40,29,37,37,36,47,40,33,40,31,31,37,35,35,32,32,30,30,31,37,38,47,39,25,39,35,29,31,37,27,42,45,39,36,31,30,42,35,37,41,50,40,49,46,44,24,42,44,41,32,33,30,35,44,46,46,30
E07000147,27,26,28,25,23,22,30,32,33,36,26,36,26,25,40,35,33,25,43,35,31,35,21,26,38,28,23,27,28,21,24,35,34,16,32,35,23,34,29,32,35,25,38,28,23,38,31,21,23,34,32,39,28,20,28,28,36,28,39,23,30,37,26,35,29,28,30,35,29,32,26,32,27,32,33,30,25,53,35,31,35,31,33,41
E07000148,40,46,29,39,31,39,19,42,24,26,46,41,35,33,31,45,32,43,29,34,29,37,33,33,34,31,24,44,41,24,25,30,38,47,41,36,29,27,44,39,40,62,40,47,31,37,40,45,39,35,28,41,40,35,40,32,41,37,31,31,47,31,35,38,42,28,37,36,37,36,46,41,34,36,35,29,29,24,32,47,43,33,40,35
E07000149,29,29,25,29,33,33,40,45,46,31,33,35,21,27,34,28,27,42,45,32,42,28,47,35,38,29,31,29,25,33,26,29,42,31,20,26,34,28,27,30,37,45,34,26,23,31,25,46,35,42,35,26,32,31,41,22,35,29,35,36,36,43,32,36,31,37,32,47,38,32,39,40,40,34,25,32,38,51,38,41,47,38,40,41
E07000150,33,22,16,41,33,24,39,28,32,27,26,26,42,31,28,37,29,25,27,34,37,20,33,30,30,23,17,30,35,23,34,32,30,33,30,23,16,28,40,37,20,16,23,37,25,30,21,32,25,30,24,27,34,28,22,25,22,25,18,30,24,26,20,32,32,29,33,39,31,32,30,35,26,46,44,38,28,34,31,28,34,44,41,25
E07000151,29,31,23,27,39,49,27,36,33,32,40,24,32,52,33,30,30,37,39,24,31,31,22,18,35,36,34,37,24,27,24,31,37,30,22,30,22,32,32,41,35,42,36,18,18,38,31,30,33,24,24,29,23,33,40,28,26,41,22,34,29,24,28,40,23,23,31,35,42,27,32,32,24,29,20,38,38,42,22,28,64,45,37,40
E07000152,37,35,19,31,38,35,49,37,29,39,38,47,49,33,50,53,37,54,36,42,37,40,28,29,46,40,44,58,28,40,42,42,41,55,38,43,33,43,58,50,37,35,30,35,29,31,50,40,31,27,40,31,47,45,47,50,32,44,42,48,39,44,19,32,42,33,43,48,40,37,44,36,36,54,57,30,42,60,60,48,58,61,45,52
E07000153,45,39,27,33,25,57,31,32,51,40,33,29,34,45,33,36,28,42,24,40,39,35,21,28,27,32,34,47,37,22,26,33,37,32,37,40,38,27,31,29,26,56,37,34,33,32,32,37,42,32,34,34,46,46,38,43,42,27,26,45,44,29,18,42,25,35,46,47,30,39,41,33,30,38,40,36,33,39,35,36,43,41,22,44
E07000154,48,30,34,54,49,47,28,39,31,44,34,43,28,49,48,42,33,40,29,41,38,44,37,30,42,36,41,34,37,32,35,46,30,31,38,58,61,39,32,38,41,38,42,47,34,39,47,38,49,39,37,31,44,39,38,34,39,31,31,40,45,55,43,45,43,38,40,45,50,58,45,28,48,48,38,41,60,53,43,45,54,65,37,40
E07000155,31,42,15,32,40,38,26,32,33,16,44,33,25,33,37,26,16,43,40,27,23,44,25,13,33,28,25,25,43,26,24,40,39,34,31,27,27,35,25,30,25,28,36,31,19,34,34,34,31,26,22,38,40,42,38,31,37,21,23,31,31,33,36,22,23,24,31,31,35,47,42,33,25,24,32,27,49,42,42,42,54,40,37,37
E07000156,28,17,26,43,27,20,32,32,24,26,33,32,30,35,33,22,19,29,37,26,33,28,31,23,30,32,37,28,34,26,31,48,25,43,32,30,36,32,30,32,34,31,37,22,28,22,30,42,26,26,21,24,25,33,32,37,18,34,28,33,33,40,16,35,28,26,33,42,27,34,24,24,31,27,25,26,33,40,37,39,29,36,33,30
E07000163,25,25,8,25,29,34,35,39,25,32,37,25,44,37,33,29,31,31,41,39,17,35,35,41,49,43,26,20,30,26,28,40,30,37,41,31,34,26,34,28,31,24,48,29,41,28,17,37,38,43,26,18,25,35,40,24,28,33,33,39,42,39,18,40,22,32,30,31,12,44,33,27,23,36,39,46,34,55,41,31,44,51,45,27
E07000164,37,13,30,26,20,20,23,28,23,42,32,21,38,27,37,24,32,24,30,32,24,34,25,20,39,30,29,13,27,24,20,31,26,31,33,38,30,26,34,33,32,20,33,28,34,40,43,47,31,32,35,26,27,38,34,39,43,19,36,35,33,34,39,36,36,31,33,34,36,39,39,25,34,43,37,29,34,24,29,39,36,35,46,26
E07000165,42,47,41,35,40,46,38,58,38,35,54,50,35,39,47,44,49,68,64,54,38,43,43,44,39,64,45,32,57,57,22,29,33,41,50,67,49,48,45,47,37,33,43,42,45,38,49,37,45,60,40,54,62,50,39,41,54,54,72,52,70,35,35,44,45,48,44,65,56,37,39,54,54,38,47,54,44,62,34,41,48,54,57,48
E07000166,14,17,14,25,18,17,33,18,27,27,21,28,31,20,24,19,20,32,31,24,16,26,18,17,26,19,31,24,28,20,18,20,18,24,19,14,10,12,20,32,15,18,22,17,25,20,17,24,8,40,21,13,23,20,24,24,15,17,10,26,38,29,21,25,20,25,39,19,30,11,21,26,20,22,30,39,22,30,25,42,35,37,30,30
E07000167,20,15,19,33,23,21,18,22,33,20,24,20,26,18,19,20,31,21,36,24,24,33,20,23,43,31,32,24,17,16,28,48,33,25,17,14,35,17,37,28,24,24,16,17,31,24,32,24,22,29,29,27,26,36,15,27,15,25,13,25,23,26,15,23,19,35,27,29,22,30,21,26,33,32,29,18,16,46,31,43,28,33,27,15
E07000168,30,37,25,26,28,37,30,34,34,36,34,30,48,33,38,46,32,37,48,36,34,34,39,27,38,46,37,40,38,36,28,39,40,42,32,39,35,38,41,37,45,49,49,26,48,42,44,40,31,44,38,38,39,40,35,27,33,56,38,45,56,42,58,37,40,42,45,36,47,39,33,28,40,49,57,49,61,55,54,47,45,54,39,46
E07000169,31,32,24,41,39,43,33,28,39,28,36,28,30,42,40,37,28,33,45,37,39,40,24,31,37,51,41,29,26,30,32,26,34,36,18,38,38,34,35,32,23,25,35,37,32,70,34,25,30,34,31,31,41,38,50,36,31,39,39,23,48,39,27,32,33,30,54,33,26,19,40,32,35,41,28,42,20,48,49,34,44,55,34,36
E07000170,26,28,31,25,35,30,24,38,32,34,24,28,29,35,40,18,34,27,42,35,30,40,22,21,30,39,38,35,25,24,41,38,43,25,34,40,32,33,44,29,34,35,40,25,36,33,31,35,38,29,30,28,36,39,36,28,38,35,35,54,38,44,25,35,30,41,38,43,30,43,32,38,38,42,34,34,39,41,47,34,41,52,35,47
E07000171,46,32,25,37,45,45,43,36,22,29,52,50,50,52,43,35,22,51,40,45,23,32,34,40,37,54,35,42,35,19,28,39,47,56,53,44,53,39,31,44,40,51,59,44,43,40,37,43,45,32,48,26,52,45,54,42,53,45,23,41,57,39,40,46,33,32,41,45,46,56,45,49,43,42,50,46,67,60,42,33,46,44,38,55
E07000172,12,26,21,29,18,29,26,25,17,18,40,23,29,14,32,26,26,30,20,28,16,24,41,35,19,16,34,21,40,20,18,29,27,29,43,30,30,8,31,34,30,28,34,33,28,44,35,35,32,30,28,22,22,33,30,23,35,21,26,27,28,28,24,24,26,32,31,31,30,30,29,31,35,25,27,29,26,37,31,49,42,47,46,43
E07000173,14,24,20,19,30,36,17,34,19,23,27,17,33,35,32,17,28,19,31,30,31,25,23,15,32,27,21,30,25,19,25,35,39,22,33,30,26,22,34,54,43,41,25,27,32,39,41,33,38,25,25,37,40,30,31,37,40,36,27,29,46,30,19,28,40,21,48,33,39,27,32,28,21,25,27,33,34,34,40,34,43,31,34,36
E07000174,31,25,23,31,25,32,17,28,22,26,20,28,41,28,28,28,29,33,34,44,31,46,20,32,34,27,38,25,35,28,41,33,33,29,36,38,34,22,36,51,27,32,26,19,52,31,70,40,32,50,32,29,31,48,45,26,35,33,24,46,37,46,32,44,27,39,31,53,47,32,40,25,44,42,37,48,46,37,52,41,31,48,34,34
E07000175,29,15,24,34,23,23,18,31,29,26,24,25,35,31,35,20,16,33,27,34,30,79,38,38,43,37,46,33,29,32,35,109,33,35,27,48,15,23,36,35,31,36,42,35,27,27,33,43,36,29,42,42,45,45,35,40,34,30,27,33,69,42,42,28,39,32,37,27,38,30,35,36,24,26,50,43,39,39,33,17,34,28,35,49
E07000176,16,26,28,24,30,25,31,31,34,27,35,20,29,22,27,38,26,44,27,33,28,30,29,27,36,29,31,33,27,26,26,41,28,30,31,38,30,26,37,53,42,39,39,42,31,48,48,34,42,52,34,44,49,58,37,61,36,27,19,36,28,49,26,25,28,28,47,40,29,35,26,35,19,35,32,28,30,42,29,25,51,31,30,44
E07000177,37,32,23,33,30,41,38,34,36,41,41,42,49,45,48,46,28,35,33,34,33,24,40,30,36,38,38,43,36,23,36,37,36,39,39,32,43,27,40,39,34,36,37,37,22,37,39,53,45,45,31,33,40,33,31,41,33,36,34,39,39,37,32,42,28,35,38,44,54,39,49,36,23,42,34,48,30,35,42,42,40,41,43,36
E07000178,32,26,28,30,40,40,39,34,28,35,44,32,39,33,40,33,26,46,34,35,43,25,51,31,44,44,37,33,33,37,36,35,50,42,38,38,33,20,35,48,37,37,40,24,30,40,47,44,47,49,34,35,28,42,38,39,44,35,31,33,54,39,50,44,48,71,65,73,58,46,57,32,38,37,48,53,46,57,49,37,67,48,52,32
E07000179,41,32,25,27,40,37,36,16,31,23,39,32,33,31,27,33,32,38,37,43,38,26,23,32,44,23,34,25,32,36,34,30,37,33,37,34,42,23,38,39,42,38,39,40,16,43,32,35,35,40,30,23,44,34,47,32,31,40,24,46,42,39,43,33,34,21,33,29,33,42,30,39,31,32,32,37,31,48,42,40,40,41,36,43
E07000180,37,23,20,43,46,47,37,35,30,41,38,29,37,35,37,31,28,35,38,43,30,28,26,25,40,44,39,29,36,27,30,33,30,32,30,41,33,33,40,45,24,28,33,30,29,42,29,42,39,38,33,26,29,44,35,30,37,35,31,51,44,27,31,34,35,24,48,33,49,22,45,33,35,40,49,27,36,37,36,32,42,32,54,47
E07000181,47,30,20,31,33,31,32,24,27,15,30,36,33,42,33,39,33,28,26,30,22,27,33,18,21,33,32,21,28,33,31,34,31,30,38,27,40,22,34,34,37,34,22,23,35,42,33,37,34,24,25,42,33,24,29,27,34,38,19,34,43,44,30,39,32,31,32,29,38,29,26,25,27,27,35,41,42,33,40,38,48,39,36,34
E07000187,29,35,22,35,32,28,37,40,28,30,26,23,30,34,27,17,18,33,30,41,28,29,25,27,34,29,32,32,21,16,34,16,29,29,30,37,25,32,35,28,32,31,36,23,35,36,33,26,36,30,31,34,34,30,30,37,32,36,32,40,25,38,25,30,39,40,30,45,28,37,37,37,33,40,40,36,28,41,32,27,30,37,31,35
E07000188,22,34,23,35,23,35,31,23,17,32,37,33,22,35,33,32,18,30,31,35,25,32,23,28,37,42,34,24,31,29,27,33,36,25,42,31,34,39,33,24,37,27,44,34,25,44,47,22,24,42,34,32,27,33,42,44,40,37,32,56,35,39,30,38,31,43,31,49,34,44,33,34,35,40,26,28,35,43,36,38,43,51,46,43
E07000189,32,41,35,30,29,50,43,43,27,38,31,37,35,33,25,30,28,45,38,36,36,28,28,28,37,32,35,25,33,38,24,46,44,34,37,38,34,33,43,27,35,49,33,35,18,41,33,39,11,34,24,37,26,34,51,36,35,37,44,37,43,31,47,37,50,33,59,36,37,51,30,43,41,38,46,50,41,37,46,42,48,40,33,57
E07000192,29,23,16,31,28,35,32,23,27,29,25,35,32,32,26,21,22,37,32,28,28,26,28,28,34,29,17,25,35,36,13,33,15,20,28,27,27,25,24,30,35,27,40,32,28,40,29,38,31,31,33,27,36,27,36,29,35,24,30,28,36,30,30,36,31,22,32,43,38,32,53,34,42,45,36,33,33,40,37,44,23,34,48,39
E07000193,40,30,30,49,32,26,36,52,30,32,31,30,36,35,53,31,21,33,24,51,48,26,30,25,32,44,40,35,35,25,23,35,37,42,41,31,29,35,33,27,39,35,33,35,36,44,56,44,44,36,44,29,34,46,35,44,39,36,44,56,33,69,31,44,30,25,45,55,39,48,35,28,53,42,54,45,43,49,34,46,46,52,38,27
E07000194,23,32,25,31,33,30,26,36,26,29,36,27,34,30,39,20,28,28,46,37,35,22,28,16,40,42,46,23,32,30,17,36,30,42,37,39,32,19,27,47,39,31,34,30,35,40,37,41,32,22,43,32,41,41,53,25,26,15,30,54,39,36,42,51,31,42,32,38,35,49,27,32,32,56,46,41,34,37,33,35,49,34,46,34
E07000195,27,22,26,28,41,35,32,38,31,27,39,39,29,33,34,38,22,50,41,38,28,29,21,28,25,36,33,24,28,21,34,30,62,39,31,33,36,40,37,29,42,21,30,33,31,42,29,36,40,47,30,41,40,36,48,45,40,29,36,42,35,47,43,39,29,27,69,40,38,35,35,32,34,64,60,48,60,52,39,49,39,34,39,42
E07000196,32,33,25,28,37,28,33,24,21,28,33,23,35,25,28,24,28,29,22,29,38,32,24,28,35,33,31,31,38,31,27,16,30,22,26,17,24,39,36,34,42,36,35,48,41,57,37,32,48,93,52,25,55,81,39,47,46,30,32,61,96,57,44,44,29,39,31,34,41,42,37,36,47,40,43,53,43,45,54,40,45,36,33,34
E07000197,27,24,24,34,26,35,34,32,31,19,38,28,45,35,51,22,29,35,34,52,27,28,41,32,30,46,37,29,51,39,26,36,60,30,32,35,27,32,39,34,46,33,43,31,32,62,43,36,29,33,22,38,52,26,43,25,58,42,25,28,46,36,46,46,46,39,50,42,85,35,55,41,40,58,54,56,52,50,51,37,54,51,42,39
E07000198,26,32,14,26,31,26,18,23,30,26,35,27,27,30,33,25,26,24,37,28,26,30,20,24,31,38,33,36,19,29,17,32,36,21,39,40,20,34,33,27,18,39,38,27,38,31,31,28,25,28,31,27,31,36,41,37,39,39,28,41,34,29,32,46,25,37,33,33,43,32,42,26,38,38,31,26,49,43,37,31,34,35,38,41
E07000199,17,21,17,29,25,21,10,24,15,24,26,26,19,27,29,19,30,26,30,46,25,30,21,27,30,16,35,22,24,19,20,31,26,19,29,25,26,24,38,37,19,24,39,28,38,35,40,32,41,32,36,30,35,26,30,32,34,31,34,33,23,27,33,36,22,33,33,41,25,30,25,25,15,28,31,23,16,34,25,31,44,43,40,39
E07000200,28,21,22,31,18,15,25,33,28,29,33,44,32,32,27,30,28,19,35,34,34,33,25,20,35,28,20,30,35,25,21,41,20,28,16,27,18,29,40,31,26,24,35,23,27,33,24,33,30,22,31,38,32,31,27,19,39,27,22,22,33,24,27,33,50,26,23,40,35,39,48,49,44,45,50,28,40,54,45,41,39,41,47,32
E07000202,30,33,41,25,38,27,34,44,29,36,37,38,32,34,35,24,25,29,37,25,38,39,37,28,28,39,44,27,33,30,42,22,24,36,23,26,28,37,44,44,35,41,43,42,40,31,39,33,36,27,32,30,40,43,42,33,43,34,40,32,49,25,52,40,24,44,29,39,33,33,45,38,42,39,33,53,46,47,76,47,46,72,43,33
E07000203,20,23,38,20,30,36,18,27,24,23,25,35,29,25,36,24,28,34,34,32,33,34,28,31,32,34,30,24,21,30,24,22,41,33,23,39,24,30,28,28,24,19,30,33,31,37,33,25,24,27,22,37,29,39,38,26,34,25,24,32,29,27,31,32,22,20,33,43,37,33,42,26,35,41,35,28,35,31,44,29,29,48,42,29
E07000207,37,26,38,25,41,39,40,33,22,35,25,43,41,39,42,34,34,40,35,39,41,35,25,24,44,46,39,37,29,27,43,32,40,31,42,43,33,42,35,46,53,49,34,27,37,39,35,49,51,36,33,31,31,34,45,41,44,41,26,37,36,40,24,44,37,40,36,41,30,31,48,41,45,36,49,28,38,30,30,31,41,55,47,45
E07000208,23,21,29,27,47,25,29,40,19,31,34,40,43,24,38,25,24,31,40,31,35,24,23,20,26,37,33,51,26,22,31,28,25,38,24,24,31,28,29,37,15,40,39,24,29,45,28,33,34,35,25,42,37,41,18,27,18,20,23,31,36,33,26,41,26,23,40,40,35,35,46,37,34,46,28,32,43,34,36,34,27,42,45,23
E07000209,40,30,37,44,40,38,43,42,29,40,43,47,30,33,46,36,33,30,43,46,38,29,39,36,27,34,34,36,36,31,30,42,42,49,44,33,36,30,36,37,30,42,32,33,24,37,38,52,55,34,32,26,37,40,42,37,29,37,31,38,39,42,39,44,41,33,51,41,34,36,29,33,29,47,37,42,31,47,37,31,41,41,39,33
E07000210,35,16,29,32,39,27,23,40,21,27,28,31,34,50,35,23,22,40,30,33,33,40,30,21,22,47,25,36,26,32,28,36,25,42,34,31,32,19,41,32,32,29,37,22,37,33,31,31,40,38,21,26,34,34,32,32,26,12,21,31,29,21,28,28,31,29,31,32,40,38,36,26,20,39,29,22,47,41,24,35,40,43,41,35
E07000211,33,26,25,41,22,31,42,36,31,28,33,58,29,26,38,28,29,36,36,38,33,32,27,26,40,44,42,34,40,29,34,43,34,35,41,30,28,25,42,27,36,49,41,20,22,34,30,37,29,38,37,34,31,42,41,34,34,37,37,49,37,37,36,38,34,28,35,29,40,43,55,38,34,45,46,40,33,53,31,30,37,48,38,45
E07000212,28,27,21,23,35,34,32,38,33,43,30,38,28,34,25,18,28,42,38,39,38,33,30,37,46,32,31,22,28,29,31,30,44,35,37,38,42,41,22,37,31,28,36,22,29,27,47,33,44,31,16,37,36,26,29,36,38,30,40,37,51,22,33,38,34,36,40,48,29,32,34,23,34,43,43,40,28,46,46,40,34,49,30,37
E07000213,32,22,35,34,29,28,37,29,38,31,43,38,36,43,20,22,32,30,36,35,37,39,36,45,47,30,45,23,46,32,30,31,41,44,42,35,34,33,35,22,36,36,30,42,39,27,39,42,41,31,34,32,38,34,50,21,37,38,29,43,53,28,38,38,25,37,46,33,45,33,29,36,40,25,39,37,32,36,32,36,39,34,40,34
E07000214,28,15,22,31,31,32,29,36,38,26,37,33,38,26,44,34,38,42,30,36,31,20,37,24,37,30,34,34,36,40,25,31,39,35,30,39,35,28,31,42,28,28,40,32,35,38,49,25,36,25,37,35,33,35,35,29,35,33,29,31,44,32,34,50,28,24,28,30,41,32,31,30,29,51,31,47,27,34,45,47,43,31,44,38
E07000215,39,21,22,29,28,13,24,44,28,13,38,32,23,16,26,15,19,23,37,34,49,26,44,16,24,41,31,32,29,29,25,25,43,28,35,30,21,20,32,37,48,34,23,23,27,33,31,28,29,32,38,25,19,26,26,36,35,23,18,43,30,25,30,26,28,22,38,27,27,25,33,40,30,27,33,31,24,33,27,32,34,40,32,34
E07000216,46,23,24,35,33,43,33,32,35,41,40,34,35,39,39,45,33,34,38,27,44,48,28,21,36,30,41,35,26,41,30,26,45,28,39,30,34,27,36,38,48,36,48,44,27,47,40,38,35,40,31,31,44,37,33,38,43,39,28,42,35,30,36,41,42,37,46,37,33,33,44,40,35,40,45,31,35,44,29,30,54,38,46,35
E07000217,31,18,39,35,34,31,37,40,40,29,38,41,41,29,37,26,27,32,46,37,37,25,27,23,43,43,34,39,33,41,32,42,45,28,37,38,39,25,33,37,38,34,39,25,33,45,33,32,37,34,33,27,36,31,39,45,46,33,37,33,31,38,35,43,41,30,47,39,47,24,34,41,41,34,38,34,38,39,45,34,37,28,40,36
E07000218,16,28,23,15,36,26,17,14,23,31,22,21,22,21,32,21,29,33,32,33,28,24,34,26,26,24,28,23,41,15,29,29,29,39,23,29,16,16,30,30,26,28,34,21,23,18,34,28,25,25,18,52,28,30,25,19,28,38,27,33,19,22,25,29,39,25,32,29,43,38,27,33,28,28,37,30,28,34,26,39,32,30,34,35
E07000219,41,21,41,36,44,43,44,32,22,34,42,34,35,38,33,39,36,26,20,34,29,41,28,34,30,32,40,26,42,34,38,36,31,36,42,46,36,36,43,30,33,35,41,45,29,42,35,44,29,35,41,34,34,40,41,35,36,37,29,35,36,53,34,35,30,31,50,43,51,35,47,42,66,40,30,44,36,50,46,37,45,41,37,36
E07000220,30,30,20,27,27,38,36,29,41,33,38,35,34,30,41,31,37,35,33,45,24,31,22,30,39,33,29,36,27,28,26,29,38,18,28,35,30,21,44,32,37,22,35,35,25,44,43,33,38,31,29,22,26,27,31,28,43,21,35,41,35,49,35,31,32,30,32,48,28,40,26,34,27,42,38,30,47,39,28,30,42,54,41,35
E07000221,36,22,30,35,41,28,32,36,35,27,39,39,29,22,29,24,24,37,40,31,33,34,24,32,39,35,29,26,30,29,33,36,32,27,29,32,34,35,40,34,28,31,40,39,24,30,54,40,40,37,35,34,46,35,34,45,42,47,31,42,42,37,34,39,26,38,28,37,29,41,31,29,34,40,38,29,36,44,34,36,50,42,29,39
E07000222,29,46,33,36,40,40,38,39,36,31,54,39,42,41,48,44,43,49,47,25,41,35,39,35,26,42,35,34,21,26,33,47,48,38,38,48,39,29,49,54,51,36,45,56,53,50,52,47,55,55,34,44,43,50,39,34,39,41,43,55,77,42,63,47,47,42,43,36,37,36,51,36,46,55,42,39,34,49,40,40,37,34,39,34
E07000223,30,18,16,21,22,18,18,26,18,19,23,24,34,20,24,27,17,29,24,18,33,26,32,24,40,28,29,26,31,22,22,29,30,34,27,29,33,26,34,21,29,27,28,22,16,25,48,35,31,23,20,25,26,27,17,31,26,26,25,37,21,24,29,26,18,21,30,31,34,17,37,32,38,22,35,27,34,31,29,24,29,32,48,26
E07000224,34,26,31,35,43,39,24,35,28,29,36,41,32,55,27,43,31,43,40,33,44,38,42,33,43,29,37,44,23,28,39,42,36,33,31,32,25,35,42,32,45,36,33,37,34,44,36,37,31,43,30,30,25,35,30,36,45,36,35,42,36,33,41,35,29,42,49,47,39,32,46,30,28,45,39,39,47,38,45,38,42,48,36,49
E07000225,33,31,21,43,38,29,27,29,43,15,39,36,30,32,35,43,34,34,34,28,32,28,31,26,33,29,28,24,39,21,24,30,35,36,29,35,31,23,32,46,29,23,36,28,29,44,26,44,28,32,36,36,46,43,33,20,37,44,24,50,37,33,34,45,30,22,49,34,36,26,31,33,25,50,29,24,23,30,36,39,42,42,30,32
E07000226,34,35,26,18,17,12,19,38,28,30,30,29,30,21,20,9,12,24,47,32,31,31,33,29,30,27,26,35,39,21,37,33,32,40,32,25,12,34,21,31,26,42,29,19,22,22,29,33,27,33,25,32,19,16,15,37,43,26,25,18,24,25,30,37,38,24,29,21,34,26,40,27,35,25,24,28,38,46,29,42,44,35,30,42
E07000227,27,33,34,26,25,27,25,39,24,28,34,26,35,27,21,29,24,45,28,37,25,41,39,27,30,39,28,31,36,34,23,42,31,39,35,35,30,22,45,30,46,38,33,35,32,36,34,47,38,32,47,23,23,29,25,39,32,22,26,37,32,26,22,32,22,32,30,41,36,22,43,32,31,32,40,33,28,30,43,36,36,37,41,40
E07000228,37,22,36,38,18,19,24,35,40,28,42,33,21,26,22,18,17,34,28,30,30,31,32,25,37,34,30,36,40,41,26,28,32,31,36,39,30,27,39,31,28,34,35,33,29,32,49,53,34,31,43,33,37,25,20,34,47,30,31,43,35,47,58,40,28,28,43,38,43,29,42,33,35,42,40,34,32,42,47,46,37,35,43,35
E07000229,32,23,27,41,27,26,34,38,38,22,36,28,43,35,42,25,44,30,32,33,39,32,27,24,43,45,44,31,42,21,28,35,37,25,37,46,25,34,40,31,35,25,30,23,26,35,34,30,43,29,31,30,29,13,28,31,31,30,18,32,27,33,37,35,24,24,40,25,31,37,27,35,36,38,34,30,32,32,32,38,50,44,38,17
E07000234,17,28,24,33,35,22,36,37,33,25,36,39,19,35,31,38,22,40,32,29,29,23,27,32,30,32,46,24,34,35,26,48,28,30,25,42,28,27,39,45,36,33,33,31,23,38,47,34,48,33,26,29,37,35,28,32,28,24,33,38,37,25,30,44,30,31,34,36,26,41,32,30,32,29,31,38,38,40,42,38,34,47,34,36
E07000235,28,20,15,26,27,23,27,27,21,23,36,24,31,33,28,18,25,26,32,36,33,26,27,25,26,29,22,22,21,26,22,27,28,35,28,18,19,21,27,14,33,29,35,22,27,34,18,23,31,21,30,29,40,25,26,31,37,31,17,30,27,30,21,20,45,27,21,27,33,22,27,22,15,26,31,38,34,41,35,28,38,31,40,23
E07000236,34,27,17,28,29,33,25,26,28,17,27,36,35,37,27,23,26,33,28,18,27,33,23,30,34,32,29,32,24,31,28,32,25,33,20,37,27,42,42,32,22,37,34,32,22,30,29,20,31,26,26,33,46,35,26,34,30,31,27,36,36,21,41,34,24,29,29,55,31,31,24,39,28,27,37,35,31,40,37,26,37,41,29,47
E07000237,30,20,28,38,23,29,24,36,20,25,38,31,22,26,31,22,29,37,33,39,28,39,35,19,28,41,24,43,37,28,31,42,53,15,27,37,37,25,30,42,28,22,40,28,29,29,35,30,42,29,25,24,29,34,35,32,35,21,36,40,45,30,41,56,29,30,33,29,48,41,30,26,32,45,38,39,34,33,42,31,40,32,35,22
E07000238,30,29,24,38,29,29,36,28,36,30,25,26,45,29,24,37,34,37,36,41,40,27,27,30,41,47,21,24,22,21,34,47,34,35,27,35,33,31,31,29,35,42,30,26,32,30,27,34,34,41,33,33,37,34,30,40,35,28,33,23,32,35,31,22,30,19,38,40,32,38,23,30,22,55,41,28,24,60,50,37,34,36,40,34
E07000239,34,32,30,30,39,39,21,41,30,34,33,24,48,31,20,29,30,28,42,42,23,41,35,36,37,26,21,38,25,27,21,33,17,32,31,43,37,19,41,35,37,27,30,28,27,33,41,37,31,38,30,33,33,44,18,30,46,34,33,29,48,26,37,29,23,36,31,39,36,27,29,29,29,30,37,41,54,32,36,34,32,34,30,28
E07000240,38,42,29,40,35,27,38,34,34,41,32,40,36,32,44,41,38,40,42,29,30,29,40,38,44,35,39,42,37,40,33,47,41,37,39,32,35,38,37,32,38,48,34,43,30,42,47,43,40,52,46,42,43,50,37,50,39,30,33,42,27,46,40,31,41,34,35,33,39,57,55,35,42,41,44,48,35,48,32,36,51,43,36,44
E07000241,28,31,17,32,29,40,35,29,39,21,38,39,33,49,35,39,40,31,44,35,24,40,33,36,40,35,31,34,29,32,29,27,29,37,23,37,28,31,26,32,29,26,47,38,22,38,31,35,27,39,40,32,42,35,48,35,41,43,28,41,28,36,40,37,38,39,44,41,39,38,44,40,26,30,52,43,35,35,27,27,40,39,43,32
E07000242,41,27,25,28,45,29,46,35,37,36,32,35,37,34,44,42,31,30,44,38,39,39,27,40,30,42,42,29,41,29,34,40,42,42,45,36,37,52,42,46,45,28,38,18,25,33,35,28,38,41,34,24,37,35,52,32,39,30,30,36,33,37,37,27,37,29,37,38,32,33,33,40,47,36,41,49,34,45,52,33,40,48,42,39
E07000243,36,23,28,43,32,19,31,26,25,22,34,39,33,36,30,27,24,33,32,31,34,27,29,30,39,45,27,45,30,33,29,31,34,40,40,33,23,28,36,30,21,39,30,31,25,29,25,33,27,39,30,19,45,39,38,37,34,27,31,39,36,37,30,28,41,22,31,31,30,28,29,38,17,33,32,32,29,42,40,33,29,34,38,39
E07000244,30,25,25,33,30,33,41,41,43,46,41,24,51,48,49,35,32,29,28,30,31,41,23,34,49,37,39,43,35,40,33,28,39,36,39,34,32,30,43,40,46,27,42,54,34,51,67,48,29,31,46,31,40,41,37,35,43,41,34,36,44,47,30,53,38,32,45,52,46,47,43,32,30,56,37,46,43,55,51,48,51,50,40,51
E07000245,27,27,24,35,38,36,40,46,30,26,35,42,43,24,33,31,32,40,42,31,34,37,33,29,35,39,37,41,41,34,25,39,29,44,33,37,36,34,35,40,27,38,40,33,32,44,38,32,54,38,44,35,38,43,30,33,35,37,27,24,40,37,38,32,34,35,37,29,56,28,38,34,28,52,34,46,44,45,27,35,35,35,38,34
E07000246,28,38,26,39,40,39,40,28,30,46,41,34,37,32,38,35,36,35,39,30,28,41,37,33,34,46,39,39,30,44,46,35,31,39,39,42,34,30,38,38,29,36,39,44,39,30,40,27,18,40,40,40,42,41,53,33,54,38,36,40,36,45,39,42,34,42,38,39,33,35,42,29,39,41,39,31,27,53,44,40,43,50,49,67
E08000001,51,42,42,49,51,51,49,44,45,39,37,43,51,49,53,50,40,46,58,53,39,40,33,37,43,57,34,40,47,48,39,43,52,61,46,47,40,44,56,44,62,46,52,54,33,41,59,37,41,64,45,57,51,52,63,50,54,40,72,57,61,51,63,54,39,51,58,52,63,56,65,39,43,55,64,58,53,47,34,57,53,73,37,50
E08000002,21,31,39,38,36,45,41,32,23,33,34,44,42,36,47,42,39,41,33,31,43,21,35,46,43,40,56,39,41,38,43,43,51,53,36,28,43,51,45,55,44,80,41,33,36,57,46,46,52,42,52,61,59,54,42,50,52,31,38,49,74,40,45,37,47,37,47,47,45,35,50,38,35,51,43,40,28,49,45,35,43,45,40,44
E08000003,39,39,34,47,56,45,50,57,54,39,45,69,62,76,56,55,46,47,61,73,62,69,50,45,56,59,55,40,59,49,62,98,63,70,69,69,50,59,80,69,69,65,77,51,61,69,91,92,63,61,67,62,72,85,74,86,85,65,66,88,60,74,79,63,53,49,63,83,67,65,73,75,63,75,72,87,70,61,52,55,78,58,63,73
E08000004,35,40,24,31,43,44,49,32,30,30,41,37,51,34,40,30,33,46,45,39,33,29,49,31,40,46,45,44,26,33,32,57,35,45,38,47,34,50,43,34,53,43,37,34,48,46,70,58,53,68,47,45,59,96,76,46,68,34,63,54,48,51,42,42,43,46,57,72,64,35,43,40,34,68,51,39,45,41,52,33,66,65,37,39
E08000005,36,21,29,43,29,39,35,40,32,32,56,47,40,28,28,38,33,33,32,35,36,30,53,36,45,53,42,55,28,41,29,49,48,42,34,54,36,49,45,50,56,42,52,30,41,78,52,56,67,56,47,56,43,68,70,42,59,51,35,49,50,60,50,55,51,50,53,34,35,63,72,34,36,51,43,49,58,43,43,52,50,49,44,31
E08000006,40,36,39,38,44,47,49,49,47,45,51,39,49,43,53,37,51,56,36,38,56,46,26,43,43,47,61,39,48,38,39,58,37,53,50,39,35,30,53,59,60,63,48,49,40,62,72,61,67,64,51,53,66,65,67,47,46,50,51,73,45,52,49,62,58,46,58,58,51,64,69,57,31,65,50,48,59,55,40,44,34,51,45,41
E08000007,49,37,30,39,42,46,39,46,38,43,49,61,57,43,45,55,46,46,58,35,45,53,53,33,55,42,48,51,50,50,49,55,48,49,30,49,37,38,55,62,40,61,53,48,43,56,59,52,68,68,47,48,55,51,59,51,46,45,46,61,60,47,38,54,45,31,63,48,41,58,44,48,39,67,45,40,51,47,40,44,31,45,38,36
E08000008,54,44,32,51,46,54,60,47,41,33,57,34,59,50,38,43,40,53,56,53,50,47,50,34,45,49,44,41,54,47,42,49,60,40,46,55,49,36,49,42,58,42,63,33,45,46,54,79,39,72,42,40,33,48,48,67,62,54,33,52,54,39,53,42,49,44,49,51,59,46,46,44,36,58,40,40,57,57,24,31,46,54,51,42
E08000009,50,30,34,42,43,36,44,27,29,29,46,38,39,36,39,35,52,47,38,58,51,33,37,35,51,44,48,67,34,46,32,50,58,38,33,39,44,33,65,39,49,44,36,31,46,56,54,64,48,44,44,33,61,58,62,39,46,38,36,71,44,50,37,49,44,38,54,50,49,40,43,42,33,46,39,43,40,48,46,38,47,43,34,49
E08000010,59,41,21,53,66,59,61,69,43,35,85,77,68,49,46,44,42,43,80,87,97,69,47,57,78,86,80,62,53,44,31,75,84,76,69,87,49,51,88,68,124,92,108,53,73,116,121,127,93,77,64,62,117,103,112,83,101,58,61,125,105,82,126,98,43,57,92,93,85,81,71,34,49,83,77,58,81,67,47,52,67,72,62,41
E08000011,34,40,40,50,39,30,33,38,33,25,41,36,55,39,32,14,36,47,36,59,58,44,46,41,41,40,45,41,48,39,43,58,55,48,57,57,45,39,58,58,54,55,53,48,37,41,51,64,53,52,55,46,41,63,49,36,45,56,43,57,49,50,44,58,35,43,45,54,39,50,44,30,29,52,33,43,40,32,38,29,57,36,46,48
E08000012,42,43,36,44,50,67,61,37,45,29,57,55,95,71,66,48,70,52,66,77,61,70,73,52,84,60,80,84,64,60,57,79,122,117,105,129,78,84,91,132,99,104,105,82,68,93,82,82,90,95,88,84,112,85,101,108,112,57,67,90,103,90,74,81,67,62,64,66,51,44,48,59,36,50,100,61,60,36,57,49,63,71,60,47
E08000013,39,26,35,45,35,45,55,44,34,32,42,50,43,47,38,13,37,43,68,44,36,48,53,37,42,54,47,41,34,36,43,50,57,52,57,54,31,41,51,55,54,54,44,48,52,69,62,70,52,68,62,51,72,52,50,47,51,60,59,49,50,39,56,46,30,44,51,41,37,32,41,35,43,42,51,43,36,46,26,46,44,53,36,59
E08000014,43,29,25,34,33,28,25,46,30,32,47,50,45,57,32,19,31,46,44,43,54,48,32,56,49,59,46,63,50,53,38,62,78,91,56,65,65,58,61,97,72,75,69,50,73,60,69,76,51,64,49,53,76,62,55,67,73,49,46,75,56,58,55,58,50,48,62,50,59,60,44,36,29,42,63,52,55,48,53,40,45,56,44,51
E08000015,30,40,34,35,31,40,27,29,42,26,43,41,38,52,35,39,32,68,53,69,55,51,56,57,51,41,56,41,45,58,35,64,60,54,83,59,54,55,50,59,51,63,64,60,59,66,60,65,53,77,54,44,71,51,66,52,43,59,43,78,66,55,58,51,59,54,45,49,41,68,56,36,45,79,58,48,43,41,42,43,27,38,37,56
E08000016,46,58,47,51,61,50,55,52,39,48,52,54,46,44,51,41,35,43,65,56,45,55,47,49,52,71,51,58,55,62,56,63,54,59,55,56,56,45,59,77,65,49,74,57,59,74,66,96,66,82,79,73,92,65,94,92,79,60,57,92,97,59,73,51,66,62,71,99,95,81,59,60,57,71,59,76,70,86,74,48,60,59,66,85
E08000017,44,47,28,42,67,49,56,56,31,52,71,77,75,66,57,39,51,47,54,41,51,73,75,52,45,74,62,44,45,77,44,66,81,83,91,79,86,59,64,71,101,77,69,79,78,90,92,124,117,111,94,75,96,77,77,77,69,86,48,89,66,85,65,87,56,36,88,73,70,65,73,65,54,70,89,73,58,73,59,77,82,89,61,63
E08000018,62,63,51,59,49,60,58,48,55,51,66,58,58,55,49,50,68,49,56,68,65,51,73,49,59,71,47,52,54,55,55,43,63,62,73,64,74,52,56,66,62,59,72,70,65,72,59,75,91,56,70,49,83,71,73,83,60,63,72,82,76,72,56,71,54,75,84,67,55,61,81,63,66,73,72,69,97,47,61,58,59,77,72,85
E08000019,37,46,32,50,39,50,51,41,52,40,38,44,40,52,38,39,55,52,73,57,36,64,45,49,53,71,83,54,58,82,76,72,68,80,55,75,84,81,64,85,74,84,82,108,107,101,113,97,85,79,105,71,105,98,94,82,76,100,108,94,73,91,87,70,88,85,100,73,79,77,65,87,85,81,69,70,58,75,76,97,93,86,87,57
E08000021,37,50,38,44,34,38,53,45,36,49,49,48,50,51,48,46,55,48,56,64,45,45,53,35,39,54,45,59,51,44,39,67,58,52,55,59,38,43,52,60,60,54,53,36,57,49,71,49,48,52,53,68,63,62,49,60,49,56,68,71,57,55,55,60,58,57,61,60,77,65,80,39,59,60,59,57,68,49,46,48,52,52,58,36
E08000022,39,25,36,39,34,37,49,46,33,34,43,46,37,49,45,47,31,38,60,43,47,50,47,36,50,47,29,48,55,49,41,55,65,35,33,37,40,45,38,58,55,46,31,36,38,46,54,43,45,63,53,35,54,45,41,49,36,52,39,70,38,51,40,48,44,50,54,45,60,75,69,37,47,52,57,50,44,64,48,47,50,34,58,50
E08000023,39,30,24,42,37,27,55,41,36,39,51,83,40,45,39,40,56,42,40,39,47,30,46,39,40,39,45,36,44,48,42,33,32,34,49,55,43,37,59,42,52,43,43,43,31,29,48,38,24,36,32,50,54,34,28,28,36,54,30,33,47,36,51,45,46,48,63,42,51,50,33,38,59,35,41,46,37,49,52,46,54,49,39,38
E08000024,39,36,45,46,38,37,42,44,42,43,53,53,51,62,49,35,63,38,80,40,64,57,39,43,40,38,60,89,39,51,41,56,76,61,68,58,43,58,61,45,47,55,60,53,52,70,54,66,73,70,44,51,56,67,70,55,56,42,50,63,51,57,65,48,48,50,67,93,67,55,53,45,41,54,48,45,52,53,38,41,53,58,54,40
E08000025,89,63,47,51,62,76,56,76,51,60,64,52,68,89,66,69,48,62,58,86,82,58,61,46,60,59,53,65,69,73,52,75,71,60,66,70,57,63,61,68,81,66,67,70,61,86,116,83,86,73,84,57,99,84,110,108,81,86,108,144,126,111,104,118,108,76,130,93,97,110,90,74,79,104,100,121,111,121,84,116,85,195,98,91
E08000026,32,30,21,37,40,39,45,49,38,44,45,34,30,51,64,41,46,44,49,48,52,54,34,43,46,59,47,35,38,57,60,62,63,77,80,61,58,62,80,68,46,76,63,45,43,55,48,44,64,45,46,44,51,53,46,55,61,48,47,59,64,58,69,40,42,43,53,48,54,52,57,57,41,47,42,53,39,69,57,53,54,56,45,37
E08000027,41,34,36,34,45,36,37,32,37,36,37,45,55,52,39,44,49,39,38,36,40,50,40,48,44,44,43,49,36,31,49,50,32,53,41,36,42,39,46,54,48,33,35,59,50,49,52,61,53,46,44,49,49,54,55,51,44,51,40,48,48,57,57,68,58,67,48,63,44,66,62,46,46,54,70,55,47,46,58,55,63,59,49,51
E08000028,41,44,35,39,34,31,39,46,47,45,41,47,52,54,47,49,42,52,53,46,57,35,43,45,36,31,33,39,32,47,46,41,28,42,59,49,36,43,48,44,58,42,37,48,39,58,69,62,47,53,66,43,70,61,54,73,66,53,55,62,66,52,61,70,63,63,57,63,57,62,51,69,58,58,45,52,58,60,42,38,56,63,60,51
E08000029,40,25,47,46,46,48,52,52,39,39,46,54,51,35,51,29,28,42,31,46,38,41,48,30,52,23,36,45,29,41,38,39,36,52,38,52,43,23,45,45,47,42,55,32,46,43,44,45,55,44,48,45,47,39,45,72,56,49,43,56,43,41,38,54,41,37,48,63,49,52,52,41,38,44,54,43,52,73,36,35,45,36,49,50
E08000030,47,51,42,45,38,39,40,40,30,35,37,39,37,44,43,32,46,43,54,47,31,19,29,26,32,35,39,48,46,44,36,64,32,24,32,39,49,42,48,43,37,39,49,48,53,53,41,41,47,44,49,48,59,50,59,59,52,49,52,43,49,47,45,45,54,44,67,55,49,53,64,51,46,66,45,44,43,55,50,49,49,56,54,44
E08000031,37,30,40,51,34,44,46,38,38,34,46,40,45,36,57,33,33,52,39,42,38,38,42,42,40,37,35,42,37,40,48,44,33,42,45,50,29,38,47,38,31,43,50,46,42,43,39,53,34,47,41,48,44,71,49,38,43,45,49,43,35,74,45,39,45,36,55,60,73,54,58,56,50,49,61,44,46,41,49,53,55,58,55,48
E08000032,59,54,47,49,60,64,51,52,49,64,74,57,62,83,62,74,51,48,73,67,78,69,53,49,63,75,55,65,76,65,58,70,76,83,84,92,75,57,91,88,89,86,82,75,77,103,90,78,62,83,66,95,61,105,83,102,90,72,79,98,106,90,91,125,69,73,83,98,77,84,90,76,63,72,84,100,76,93,67,81,88,96,63,71
E08000033,46,36,44,38,42,48,39,42,42,34,44,62,54,40,36,54,36,66,49,50,59,37,44,42,52,45,51,35,50,45,49,62,47,43,26,39,38,38,51,42,35,43,63,51,46,56,76,58,45,55,52,53,64,68,63,49,69,56,28,62,55,50,57,67,40,47,63,46,62,52,55,36,38,55,36,50,59,53,47,45,58,65,55,58
E08000034,42,57,60,45,49,49,65,55,45,47,48,59,69,57,58,66,62,45,58,70,68,52,69,58,56,59,77,50,63,50,71,63,81,57,64,64,64,41,66,54,87,72,72,70,67,96,76,74,78,61,77,64,66,68,81,80,106,81,73,58,63,91,65,79,48,76,70,51,65,63,70,62,53,73,70,76,61,53,77,69,68,105,52,65
E08000035,59,52,60,65,56,46,65,63,57,53,75,89,107,67,78,50,59,66,102,90,71,75,58,59,89,78,73,69,82,66,54,97,83,72,93,95,85,66,100,85,97,88,100,84,68,117,154,89,104,102,104,95,124,101,122,95,104,97,89,113,120,120,95,96,104,76,106,122,109,85,107,89,76,100,113,98,106,105,82,82,116,81,106,70
E08000036,52,44,35,47,62,68,49,51,58,43,48,65,55,63,59,54,66,68,60,62,55,49,44,62,59,51,50,71,56,43,59,73,67,53,60,54,58,58,64,69,80,46,52,55,54,61,65,70,54,71,58,65,76,83,54,52,66,49,51,45,63,55,61,58,67,63,71,66,69,58,48,45,63,57,70,80,75,67,62,74,69,59,51,55
E08000037,33,40,39,41,44,32,51,59,50,35,40,51,46,59,48,41,31,40,42,34,49,43,27,35,37,56,37,48,51,49,47,53,71,69,41,64,56,37,52,66,61,44,52,60,58,46,49,50,59,39,50,42,58,55,54,47,50,41,52,75,57,66,74,51,51,56,56,40,69,52,63,47,54,68,45,58,59,46,44,32,38,48,42,51
"E09000001,E09000033",56,46,43,41,52,45,53,47,53,38,59,55,50,80,70,52,38,56,60,52,58,49,44,34,52,46,50,51,57,39,42,58,59,50,51,57,47,48,62,63,56,81,67,40,57,70,65,58,81,73,37,52,77,73,60,64,82,46,52,80,66,63,75,54,46,36,74,66,78,55,62,56,41,68,55,68,53,57,58,65,75,53,55,58
E09000002,48,40,36,29,31,41,34,31,31,43,30,38,44,52,32,29,30,41,46,40,29,39,44,22,48,41,50,30,39,49,34,36,47,48,41,40,51,39,45,41,43,41,39,48,52,37,39,37,28,44,44,39,38,40,45,51,51,57,40,40,60,43,40,47,35,38,46,41,64,49,61,37,39,58,44,55,50,47,56,45,58,63,43,40
E09000003,43,42,31,39,36,28,35,46,47,63,43,46,43,44,46,38,32,41,51,32,47,43,42,43,41,41,55,40,39,45,32,42,48,42,29,45,35,34,59,52,46,41,43,45,42,52,50,54,56,40,45,43,49,39,45,46,41,40,45,70,41,41,46,47,46,33,54,42,56,45,44,34,55,65,43,58,55,41,37,37,54,57,46,48
E09000004,45,34,27,32,34,45,30,42,45,26,43,38,46,46,40,39,38,58,46,55,38,38,32,40,35,34,35,44,43,46,27,43,34,36,41,40,39,30,34,40,29,43,34,26,47,34,48,49,51,39,40,39,46,44,46,44,36,29,37,41,51,65,36,73,40,26,53,52,41,59,60,49,43,45,42,49,64,45,32,38,33,55,52,46
E09000005,39,39,45,51,32,42,33,35,47,44,49,36,45,36,33,39,36,30,40,40,53,47,42,29,52,30,45,56,48,34,32,62,37,49,55,41,42,42,49,39,50,57,38,38,52,44,40,41,52,29,40,44,33,42,45,50,41,45,33,57,48,53,53,36,44,48,50,52,38,50,57,39,34,54,54,53,58,63,45,35,43,45,46,35
E09000006,46,38,27,59,44,41,43,43,25,41,39,34,41,39,53,37,41,43,36,45,43,24,27,34,40,42,42,51,45,26,45,40,53,42,48,52,42,33,38,49,37,50,41,41,55,42,42,44,36,61,26,59,46,39,34,44,45,36,37,51,54,54,44,46,42,45,49,45,49,45,47,42,53,39,36,29,51,45,52,49,58,45,46,46
E09000007,43,34,36,44,46,49,46,39,35,41,40,40,39,23,44,40,36,39,51,37,28,37,42,23,43,38,41,40,41,31,32,57,53,42,41,56,43,30,41,54,46,47,41,36,40,46,47,44,38,37,42,38,29,47,39,37,48,41,35,41,41,50,44,42,40,40,46,48,46,41,40,43,40,50,33,41,45,38,37,49,46,37,59,39
E09000008,44,35,50,40,41,32,37,44,34,45,31,45,37,50,48,36,50,42,46,43,37,44,47,33,31,48,48,41,52,45,31,36,34,40,45,56,42,34,44,42,47,44,43,46,41,43,48,35,53,49,23,51,44,43,47,66,49,42,38,49,53,36,41,44,38,48,56,74,58,53,32,51,59,46,52,66,44,42,42,54,61,52,66,47
E09000009,37,31,30,46,32,41,32,41,35,35,48,31,39,41,57,35,32,33,42,37,37,57,45,45,46,46,46,59,29,31,36,49,42,43,37,49,57,38,52,52,51,50,54,50,58,47,42,43,68,42,33,44,45,44,54,58,66,50,42,65,43,37,41,49,57,34,56,49,53,46,47,53,41,53,49,57,62,58,53,54,62,52,60,54
E09000010,35,32,31,45,37,37,49,30,36,39,39,39,49,34,34,33,34,46,46,32,53,35,27,30,32,43,28,39,32,41,30,30,46,31,64,49,37,47,42,36,49,42,33,42,44,41,46,45,51,48,57,39,49,41,46,44,50,42,37,45,48,46,46,35,42,44,33,45,46,49,41,38,43,51,61,44,41,50,32,37,48,36,47,59
E09000011,35,40,46,32,45,42,35,40,41,43,49,24,31,36,34,39,50,39,37,45,55,32,32,46,41,41,50,42,38,33,41,44,43,45,38,36,38,38,28,49,44,47,60,39,40,52,43,51,44,47,49,43,42,38,43,47,43,48,34,53,52,44,31,43,51,43,51,46,35,39,47,32,48,60,88,48,46,47,36,50,50,49,41,46
E09000012,49,32,38,41,34,34,47,35,31,36,46,37,38,37,41,31,29,45,44,37,42,25,44,38,46,39,51,52,48,38,34,50,48,56,50,38,23,41,51,57,32,57,37,41,53,34,48,55,46,32,40,46,68,53,47,38,51,37,34,43,33,35,44,30,33,34,46,36,41,45,41,35,43,42,41,45,44,36,41,41,36,38,53,50
E09000013,32,44,32,41,37,34,37,39,39,33,53,48,41,32,36,42,41,36,44,33,40,39,40,30,32,39,46,49,46,38,38,53,39,37,46,57,54,33,49,42,51,52,44,50,32,56,48,62,49,69,38,41,58,66,79,38,46,44,42,37,43,42,45,46,29,37,59,42,42,30,58,38,29,52,41,43,58,43,38,34,48,51,49,34
E09000014,37,35,26,42,41,41,40,34,44,32,46,50,54,39,41,41,32,37,48,43,39,35,44,39,34,49,37,31,35,38,37,39,39,40,47,44,49,37,64,62,49,40,36,38,44,46,32,42,41,60,31,42,56,41,40,44,36,43,46,43,41,40,39,56,40,32,43,28,56,43,55,43,31,38,36,46,45,57,44,41,45,27,59,52
E09000015,34,48,33,42,39,42,42,43,29,50,44,45,33,49,38,41,43,38,37,33,48,40,40,35,44,39,48,43,34,32,36,40,56,40,41,38,45,44,38,47,32,45,44,43,35,55,51,49,31,49,40,33,44,38,40,44,41,31,37,42,34,35,38,42,38,38,51,50,42,43,48,40,37,46,43,46,39,43,43,43,44,42,44,41
E09000016,35,22,40,33,36,46,39,48,49,28,33,42,40,38,30,37,34,36,46,38,34,41,33,38,45,44,34,34,39,33,46,42,35,38,38,49,56,48,39,51,55,35,57,43,36,55,58,43,56,50,64,50,50,50,43,58,57,40,57,60,60,51,55,41,48,32,68,51,37,52,61,77,42,46,41,63,69,61,57,53,68,47,57,51
E09000017,42,32,30,44,43,49,38,55,46,40,50,32,31,53,51,56,31,55,33,37,42,45,40,35,35,45,44,57,68,47,45,46,41,46,30,51,47,45,57,51,55,57,57,49,48,62,42,44,48,54,50,57,52,56,56,68,57,53,58,51,55,49,46,45,54,72,53,71,46,66,58,57,65,51,52,59,68,71,60,51,67,64,49,63
E09000018,32,31,34,34,36,51,44,28,45,41,47,45,31,38,32,49,36,35,44,50,45,39,45,45,48,42,48,46,37,35,33,60,36,30,33,35,40,40,43,31,44,55,55,46,44,56,46,51,49,36,43,50,42,57,42,39,41,40,45,45,39,31,51,45,40,44,32,48,41,42,50,46,56,44,51,44,42,46,46,36,46,50,36,40
E09000019,34,41,34,36,31,48,27,45,35,41,39,40,40,33,48,44,33,36,51,41,34,52,35,27,34,43,25,39,51,32,23,44,41,34,39,41,23,26,38,35,32,53,33,34,27,47,34,47,41,47,36,30,38,31,27,35,41,32,34,32,45,51,36,51,41,25,57,37,48,40,46,38,44,48,53,46,43,46,58,47,42,54,36,42
E09000020,33,39,38,40,39,40,36,52,36,39,47,52,38,33,44,37,36,34,36,49,40,35,50,35,47,31,49,29,39,56,33,36,55,45,52,42,37,40,43,50,46,39,43,37,34,52,51,51,39,59,42,37,39,49,49,51,40,37,46,43,35,37,41,39,40,44,61,39,49,47,53,48,44,41,43,52,46,54,46,37,47,50,41,50
E09000021,40,22,27,26,27,36,39,37,27,38,49,40,39,40,40,33,39,42,34,39,32,31,32,41,26,39,33,18,29,35,35,45,30,52,35,46,41,37,42,46,38,36,31,21,43,43,36,55,43,35,30,41,45,39,35,48,35,46,30,42,35,45,37,34,46,32,41,47,45,26,41,35,50,40,47,37,41,44,39,41,41,41,50,36
E09000022,28,33,44,45,29,41,38,38,38,37,43,39,44,43,41,47,35,57,54,45,34,48,49,39,43,45,43,36,47,42,36,45,49,38,53,39,32,32,35,46,39,42,40,35,37,36,56,48,40,43,55,40,61,56,37,59,37,44,45,57,51,48,36,48,42,37,43,45,44,43,56,37,52,31,36,41,38,42,40,36,45,38,37,38
E09000023,31,37,41,35,51,38,31,42,42,39,39,44,41,54,44,38,40,58,43,40,40,41,43,39,53,38,35,39,40,32,37,47,33,29,38,30,30,27,42,50,46,35,52,44,32,49,51,38,44,41,43,43,54,54,31,41,64,47,43,50,47,43,42,63,35,40,61,54,46,51,42,35,47,28,55,44,42,55,40,36,47,46,42,54
E09000024,36,39,34,48,44,42,36,31,36,27,16,47,29,36,37,36,39,50,50,45,36,42,30,46,30,47,46,37,34,42,35,51,37,41,45,45,36,35,44,43,42,32,38,23,37,55,41,39,41,31,36,50,38,36,37,37,35,37,39,32,36,47,22,39,36,41,50,42,37,50,45,38,44,42,43,46,39,50,47,46,47,46,51,44
E09000025,46,41,28,37,39,38,44,41,30,31,39,52,49,41,31,36,42,55,40,42,45,32,27,42,55,46,44,48,49,51,35,38,39,42,41,36,38,35,37,52,39,43,45,44,37,47,40,30,41,47,63,38,46,43,59,52,45,49,54,58,39,38,52,33,48,41,53,44,55,48,46,48,51,61,47,58,66,43,43,55,28,55,58,49
E09000026,49,45,34,41,40,43,37,44,34,38,57,41,35,39,28,40,35,52,47,54,48,40,31,41,48,49,45,47,39,45,45,40,52,59,44,43,51,36,48,40,31,44,39,32,33,46,55,53,53,57,35,54,59,57,42,42,41,44,40,47,64,40,47,36,41,58,42,60,46,56,50,50,51,37,62,46,60,45,42,39,57,49,53,58
E09000027,34,42,31,38,35,41,26,37,40,39,38,39,43,46,35,36,25,46,42,47,40,39,43,45,36,50,39,37,38,36,25,36,43,47,30,46,42,34,43,44,35,57,47,37,54,33,48,36,38,45,45,32,37,33,44,45,34,39,38,38,50,46,38,43,44,37,51,52,42,39,38,37,33,34,41,37,55,35,42,40,44,49,45,38
E09000028,41,43,30,49,42,39,42,43,35,31,39,45,57,42,58,46,29,44,47,35,39,46,36,33,33,36,33,38,37,42,40,58,35,46,43,54,50,49,48,40,44,42,46,43,43,61,41,34,35,51,49,38,56,38,43,52,49,42,50,37,44,41,56,47,32,48,50,45,49,49,40,38,42,39,48,39,50,40,44,51,45,47,41,37
E09000029,41,39,32,40,33,39,36,41,35,43,44,41,36,54,38,37,33,32,32,38,35,41,32,34,50,48,53,40,23,33,36,29,22,48,48,45,39,32,41,35,39,51,40,29,36,47,48,50,38,47,37,45,49,58,33,45,38,48,37,50,43,41,50,50,39,33,46,52,55,48,50,44,39,41,41,39,45,35,36,58,46,48,45,48
E09000030,36,38,34,43,46,38,32,27,35,40,57,41,43,44,44,49,43,38,39,40,41,34,29,34,33,48,36,41,35,38,34,41,49,50,37,36,41,50,35,36,46,38,45,37,23,40,42,36,33,50,36,42,41,45,42,43,41,47,43,42,59,45,64,48,40,46,53,48,45,32,33,42,41,37,39,58,40,55,51,37,53,58,56,53
E09000031,40,35,39,33,39,39,42,43,40,38,41,38,54,44,44,44,48,30,39,52,35,40,35,40,31,36,38,31,39,38,44,37,48,42,42,46,42,48,47,38,37,38,45,46,41,58,41,38,47,41,40,31,46,47,43,46,34,30,32,55,44,46,31,52,45,46,43,34,52,37,35,43,38,40,38,51,48,43,32,54,43,48,43,36
E09000032,26,46,39,37,42,43,38,34,25,39,63,42,46,40,46,43,41,28,37,41,46,38,36,37,43,42,42,36,42,52,30,54,38,47,53,39,46,33,39,49,53,42,34,46,40,50,47,54,35,42,46,31,38,53,33,57,34,46,39,61,39,42,52,49,37,48,54,49,53,40,49,37,42,43,49,42,54,44,53,48,59,38,49,49
